"15GREC001GareloiIslandAlaskaNULLNULL228On the SW flank of Gareloi summit. Rainbows, fumaroles, ice, tephra, perfect.On the SW flank of Gareloi summit. Rainbows, fumaroles, ice, tephra, perfect",26971
15GREC002GareloiIslandAlaskaNULLNULL228At crater rim. Can see crater lake - steaming.At crater rim. Can see crater lake - steaming,26971
15GREC004GareloiIslandAlaskaNULLNULL228NW flank near MC26. Lunch!.NW flank near MC26. Lunch!,26971
15GREC005GareloiIslandAlaskaNULLNULL228Right near to 15GREC004Right near to 15GREC004,26971
15GREC006GareloiIslandAlaskaNULLNULL228NW coast near BB29. Gorgeous site with gully base of carved lava flow.NW coast near BB29. Gorgeous site with gully base of carved lava flow,26971
15GREC007GareloiIslandAlaskaNULLNULL228SW corner of island E of GALA and up slope of MC22. Toe in on heli!.SW corner of island E of GALA and up slope of MC22. Toe in on heli!,26971
15GREC008GareloiIslandAlaskaNULLNULL228SW corner of island E of GALA and up slope of MC22. Ton of scoria other side of gully from 007!.SW corner of island E of GALA and up slope of MC22. Ton of scoria other side of gully from 007!,26971
15GREC009GareloiIslandAlaskaNULLNULL228Most western point on island. Steep gully exposure - Dan shoveled me some steps!.Most western point on island. Steep gully exposure - Dan shoveled me some steps!,26971
15GREC010GareloiIslandAlaskaNULLNULL228S Flank of Gareloi on Shoshonite Flow. Talus and skree - Liz hurt.S Flank of Gareloi on Shoshonite Flow. Talus and skree - Liz hurt,26971
15GREC011GareloiIslandAlaskaNULLNULL228S Flank of Gareloi on Shoshonite Flow. Talus and skree - Liz hurt.S Flank of Gareloi on Shoshonite Flow. Talus and skree - Liz hurt,26971
15GREC012GareloiIslandAlaskaNULLNULL228S Flank of Gareloi on Shoshonite Flow. Talus and skree - Liz hurt.S Flank of Gareloi on Shoshonite Flow. Talus and skree - Liz hurt,26971
15GREC013GareloiIslandAlaskaNULLNULL228N flank near to MC12. Tephra unit near MC12.N flank near to MC12. Tephra unit near MC12,26971
15GRKS001GareloiIslandAlaskaNULLNULL228Small gully exposure - waist deep in tephra. Finer clast size than EC001.Small gully exposure - waist deep in tephra. Finer clast size than EC001,26971
15GRKS002GareloiIslandAlaskaNULLNULL228NW coast near BB29. Base of that gully.NW coast near BB29. Base of that gully,26971
15KGAB001KanagaIslandAlaskaNULLNULL228Summit of Kanaga. NE quadrant summit rim.Summit of Kanaga. NE quadrant summit rim,40277
"15KGDL001KanagaIslandAlaskaNULLNULL228Caldera lake island. Steep cliff into lake, sample collected by reaching over ledge with shovel.Caldera lake island. Steep cliff into lake, sample collected by reaching over ledge with shovel",40277
"15KGDL002KanagaIslandAlaskaNULLNULL228W flank Kanaga, 1994 flow. Looking for mafic inclusions.W flank Kanaga, 1994 flow. Looking for mafic inclusions",40277
15KGDL004KanagaIslandAlaskaNULLNULL228W shore of caldera lake on SE flank Kanaga; lava dome. Inclusion in host lava.W shore of caldera lake on SE flank Kanaga; lava dome. Inclusion in host lava,40277
15KGEC001KanagaIslandAlaskaNULLNULL228Steep stream cut on SE side of islandSteep stream cut on SE side of island,40277
"15KGEC002KanagaIslandAlaskaNULLNULL228Round Top. Just off steep sea cliff, surrounded by basalt, these deposits may not originate from Kanga volcano.Round Top. Just off steep sea cliff, surrounded by basalt, these deposits may not originate from Kanga volcano",40277
15KGEC004KanagaIslandAlaskaNULLNULL228SE sea cliff of Round Head; hike up from beach. Olivine + Pyx lava flow above and below a breccia full of large (<3 cm) equant loose pyroxenes. Spectacular locality for pyroxene and lava flow.SE sea cliff of Round Head; hike up from beach. Olivine + Pyx lava flow above and below a breccia full of large (<3cm) equant loose pyroxenes. Spectacular locality for pyroxene and lava flow,40277
"15KGEC005KanagaIslandAlaskaNULLNULL228W flank Kanaga, 1994 flow. Looking for mafic inclusions.W flank Kanaga, 1994 flow. Looking for mafic inclusions",40277
"15KGEC006KanagaIslandAlaskaNULLNULL228W flank Kanaga, 1994 flow. Looking for mafic inclusions.W flank Kanaga, 1994 flow. Looking for mafic inclusions",40277
"15KGEC007KanagaIslandAlaskaNULLNULL228W flank Kanaga, 1994 flow. Looking for mafic inclusions.W flank Kanaga, 1994 flow. Looking for mafic inclusions",40277
15KGEC008KanagaIslandAlaskaNULLNULL228W shore of caldera lake on SE flank Kanaga. Clasts in PF?.W shore of caldera lake on SE flank Kanaga. Clasts in PF?,40277
15KGEC012KanagaIslandAlaskaNULLNULL228Possibly the Holocene flow. The PF and the Holo Flow are intermingled it seems.Possibly the Holocene flow. The PF and the Holo Flow are intermingled it seems,40277
15KGEC013KanagaIslandAlaskaNULLNULL228W shore of caldera lake on SE flank Kanaga. Clasts in PF?.W shore of caldera lake on SE flank Kanaga. Clasts in PF?,40277
15KGEC017KanagaIslandAlaskaNULLNULL228NULL,40277
15KGEC08KanagaIslandAlaskaNULLNULL228NULL,40277
"15KGKS001KanagaIslandAlaskaNULLNULL228Eastern sea cliff, south of Round TopEastern sea cliff, south of Round Top",40277
15KGKS002KanagaIslandAlaskaNULLNULL228NULL,40277
15KGMC001KanagaIslandAlaskaNULLNULL2283 km east of Kanaga summit. Near 00CW06.3 km east of Kanaga summit. Near 00CW06,40277
"15KGMC003KanagaIslandAlaskaNULLNULL228""Dome"" inside Kanaton Ridge. Collected by Mattia.""Dome"" inside Kanaton Ridge. Collected by Mattia",40277
15KGMC004KanagaIslandAlaskaNULLNULL228Round Head topRound Head top,40277
15KGMC005KanagaIslandAlaskaNULLNULL2281906(?) lava flow on west side of Kanaga cone. Calm afternoon with fishing boat between me and Bobrof.1906(?) lava flow on west side of Kanaga cone. Calm afternoon with fishing boat between me and Bobrof,40277
15KGMC006KanagaIslandAlaskaNULLNULL2281906(?) lava flow on west side of Kanaga cone. Calm afternoon with fishing boat between me and Bobrof.1906(?) lava flow on west side of Kanaga cone. Calm afternoon with fishing boat between me and Bobrof,40277
15KGMC007KanagaIslandAlaskaNULLNULL2281906(?) lava flow on west side of Kanaga cone. Calm afternoon with fishing boat between me and Bobrof.1906(?) lava flow on west side of Kanaga cone. Calm afternoon with fishing boat between me and Bobrof,40277
15KGMC008KanagaIslandAlaskaNULLNULL228East flank of Kanaga cone. Nap time.East flank of Kanaga cone. Nap time,40277
"15KGMP001KanagaIslandAlaskaNULLNULL228Round Head, southeast shore. Dinosaur egg beach.Round Head, southeast shore. Dinosaur egg beach",40277
"15KGMP002KanagaIslandAlaskaNULLNULL228South lava flow of Kanaga Volcano, within Kanaton Caldera. Beginning of upper lava front (?).South lava flow of Kanaga Volcano, within Kanaton Caldera. Beginning of upper lava front (?)",40277
"15KGMP002KanagaIslandAlaskaNULLNULL228South lava flow of Kanaga Volcano, within Kanaton Caldera. Lava Front.South lava flow of Kanaga Volcano, within Kanaton Caldera. Lava Front",40277
"15KGMP002KanagaIslandAlaskaNULLNULL228South lava flow of Kanaga Volcano, within Kanaton Caldera. Lava Top.South lava flow of Kanaga Volcano, within Kanaton Caldera. Lava Top",40277
15KGMP003KanagaIslandAlaskaNULLNULL228Northern side of the eastern lava flow of Kanaga Volcano. Top of right ridge of lava flow.,40277
15KGMP004KanagaIslandAlaskaNULLNULL228Western side of Kanaga volcano summit. In proximity of the fracture-ridge of S-rich fumaroles.,40277
15LSEC001Little SitkinIslandAlaskaNULLNULL228Tephra section near West Cove FlowTephra section near West Cove Flow,50019
15LSEC002Little SitkinIslandAlaskaNULLNULL228W Cove Lava Flow. East side of island near heli drop and just S of the springs. Bluff where KS has supernatural hearing.W Cove Lava Flow. East side of island near heli drop and just S of the springs. Bluff where KS has supernatural hearing,50019
15LSEC003Little SitkinIslandAlaskaNULLNULL228Tephra section on the SW coast just W of Prokhoda Pt. Gorgeous exposure. Sunny skies.Tephra section on the SW coast just W of Prokhoda Pt. Gorgeous exposure. Sunny skies,50019
15SMEC001SemisopochnoiIslandAlaskaNULLNULL2282000' SW of Sugar Loaf Peak / 1000' NW Sugarloaf Head2000' SW of Sugar Loaf Peak / 1000' NW Sugarloaf Head,83330
15SMEC002SemisopochnoiIslandAlaskaNULLNULL228Tephra section just on saddle bw SLPk and SLhdTephra section just on saddle bw SLPk and SLhd,83330
15SMEC002SemisopochnoiIslandAlaskaNULLNULL228NULLNULL,83330
15SMEC003SemisopochnoiIslandAlaskaNULLNULL228Saddle bw SL Pk and SL HeadSaddle bw SL Pk and SL Head,83330
15SMEC004SemisopochnoiIslandAlaskaNULLNULL228Tephra section on W side of semicircle crater(?) rim W of SL.Tephra section on W side of semicircle crater(?) rim W of S.L,83330
15SMEC005SemisopochnoiIslandAlaskaNULLNULL228Tephra section on E side of Sugar LoafTephra section on E side of Sugar Loaf,83330
15SMEC006SemisopochnoiIslandAlaskaNULLNULL228Tephra section on W side of Sugar Loaf southeastern-most drainageTephra section on W side of Sugar Loaf southeastern-most drainage,83330
"15SMMC101SemisopochnoiIslandAlaskaNULLNULL228Tephra-rich gully on lower flank of Ragged Top, east of Fenner Creek. Near JL007, similar stratigraphy.Tephra-rich gully on lower flank of Ragged Top, east of Fenner Creek. Near JL007, similar stratigraphy",83330
15SMMC102SemisopochnoiIslandAlaskaNULLNULL228W flank of Sugarloaf,83330
"15TGEC001TanagaIslandAlaskaNULLNULL22820+ feet of section taken at knob of land NE of Tanaga volcano, by coast, ~1 mi W of Falls Pt. Just E of seismic ""cliff"" station.20+ feet of section taken at knob of land NE of Tanaga volcano, by coast, ~1mi W of Falls Pt. Just E of seismic ""cliff"" station",89602
15TGEC001TanagaIslandAlaskaNULLNULL228NULLNULL,89602
15TGEC002TanagaIslandAlaskaNULLNULL228Seismic hut just to the S of Tanaga @MC26. Spectacular - above the clouds - top of the world.Seismic hut just to the S of Tanaga @MC26. Spectacular - above the clouds - top of the world,89602
15TGEC003TanagaIslandAlaskaNULLNULL228Saddle just SE of Sajaka @MC39. Spectacular - above the clouds - top of the world.Saddle just SE of Sajaka @MC39. Spectacular - above the clouds - top of the world,89602
15TGEC004TanagaIslandAlaskaNULLNULL228Tangent PointTangent Point,89602
15TGKS001TanagaIslandAlaskaNULLNULL228Between Bumpy and Gauge pointsBetween Bumpy and Gauge points,89602
"15TGMC200TanagaIslandAlaskaNULLNULL228Basin below Tanaga/East Tanaga, near BB29. Near BB29.Basin below Tanaga/East Tanaga, near BB29. Near BB29",89602
"15TGMC202TanagaIslandAlaskaNULLNULL228Between Tanaga and Takawangha, south side valley. Near MC44.Between Tanaga and Takawangha, south side valley. Near MC44",89602
"15TGMC203TanagaIslandAlaskaNULLNULL228North coast, north flank of Takawangha. Near ""tephra hole"".North coast, north flank of Takawangha. Near ""tephra hole""",89602
15TGMC204TanagaIslandAlaskaNULLNULL228Flats south of Takawangha. Tephra gully extraordinaire.Flats south of Takawangha. Tephra gully extraordinaire,89602
"15TGMC205TanagaIslandAlaskaNULLNULL228Just west of Cable Bay, south of Takawangha. 50-m-long gently exposed bluff.Just west of Cable Bay, south of Takawangha. 50-m-long gently exposed bluff",89602
15TNDL001TanagaIslandAlaskaNULLNULL228Lava flow toeing out just below 15TGEC001Lava flow toeing out just below 15TGEC001,89602
