"primary_location_name","locality","locality_description","location_description","country_id","province","county","city","primary_location_type"
"Buldir","15BLEC000",NULL,NULL,228,"Alaska",NULL,NULL,"Island"
"Buldir","15BLEC001","South shore of Kittiwake pond","South shore of Kittiwake pond",228,"Alaska",NULL,NULL,"Island"
"Buldir","15BLEC002","Ridge west of Kittiwake pond","Ridge west of Kittiwake pond",228,"Alaska",NULL,NULL,"Island"
"Buldir","15BLEC003","Drainage over ridge on west side of Kittiwake pond","Drainage over ridge on west side of Kittiwake pond",228,"Alaska",NULL,NULL,"Island"
"Buldir","15BLEC004","Downstream of previous location, is same drainage","Downstream of previous location, is same drainage",228,"Alaska",NULL,NULL,"Island"
"Buldir","15BLEC004",NULL,NULL,228,"Alaska",NULL,NULL,"Island"
"Buldir","15BLEC005","Further downstream, high on same side of gully (transported by heli). The one with the bird.","Further downstream, high on same side of gully (transported by heli). The one with the bird",228,"Alaska",NULL,NULL,"Island"
"Buldir","15BLEC005","The one with the bird","The one with the bird",228,"Alaska",NULL,NULL,"Island"
"Buldir","15BLMC001","Along north shore of Kittiwake Lake. EC and KS along far shore at same time.","Along north shore of Kittiwake Lake. EC and KS along far shore at same time",228,"Alaska",NULL,NULL,"Island"
"Buldir","15BLMC001","Along north shore of Kittiwake Lake. EC and KS along far shore at same time. Here, poorly stratified volcaniclastic debris and discontinuous fall layers. But, appears Holocene!!.","Along north shore of Kittiwake Lake. EC and KS along far shore at same time. Here, poorly stratified volcaniclastic debris and discontinuous fall layers. But, appears Holocene!!",228,"Alaska",NULL,NULL,"Island"
"Buldir","15BLMC002","Top of sea bluff just north of Kittiwake Lake. Walked up from 001. Note that here there is 60 cm soil on colluvium, no tephra.","Top of sea bluff just north of Kittiwake Lake. Walked up from 001. Note that here there is 60 cm soil on colluvium, no tephra",228,"Alaska",NULL,NULL,"Island"
"Gareloi","15GREC001","On the SW flank of Gareloi summit. Rainbows, fumaroles, ice, tephra, perfect.","On the SW flank of Gareloi summit. Rainbows, fumaroles, ice, tephra, perfect",228,"Alaska",NULL,NULL,"Island"
"Gareloi","15GREC002","At crater rim. Can see crater lake - steaming.","At crater rim. Can see crater lake - steaming",228,"Alaska",NULL,NULL,"Island"
"Gareloi","15GREC004","NW flank near MC26. Lunch!.","NW flank near MC26. Lunch!",228,"Alaska",NULL,NULL,"Island"
"Gareloi","15GREC005","Right near to 15GREC004","Right near to 15GREC004",228,"Alaska",NULL,NULL,"Island"
"Gareloi","15GREC006","NW coast near BB29. Gorgeous site with gully base of carved lava flow.","NW coast near BB29. Gorgeous site with gully base of carved lava flow",228,"Alaska",NULL,NULL,"Island"
"Gareloi","15GREC007","SW corner of island E of GALA and up slope of MC22. Toe in on heli!.","SW corner of island E of GALA and up slope of MC22. Toe in on heli!",228,"Alaska",NULL,NULL,"Island"
"Gareloi","15GREC008","SW corner of island E of GALA and up slope of MC22. Ton of scoria other side of gully from 007!.","SW corner of island E of GALA and up slope of MC22. Ton of scoria other side of gully from 007!",228,"Alaska",NULL,NULL,"Island"
"Gareloi","15GREC009","Most western point on island. Steep gully exposure - Dan shoveled me some steps!.","Most western point on island. Steep gully exposure - Dan shoveled me some steps!",228,"Alaska",NULL,NULL,"Island"
"Gareloi","15GREC010","S Flank of Gareloi on Shoshonite Flow. Talus and skree - Liz hurt.","S Flank of Gareloi on Shoshonite Flow. Talus and skree - Liz hurt",228,"Alaska",NULL,NULL,"Island"
"Gareloi","15GREC011","S Flank of Gareloi on Shoshonite Flow. Talus and skree - Liz hurt.","S Flank of Gareloi on Shoshonite Flow. Talus and skree - Liz hurt",228,"Alaska",NULL,NULL,"Island"
"Gareloi","15GREC012","S Flank of Gareloi on Shoshonite Flow. Talus and skree - Liz hurt.","S Flank of Gareloi on Shoshonite Flow. Talus and skree - Liz hurt",228,"Alaska",NULL,NULL,"Island"
"Gareloi","15GREC013","N flank near to MC12. Tephra unit near MC12.","N flank near to MC12. Tephra unit near MC12",228,"Alaska",NULL,NULL,"Island"
"Gareloi","15GRKS001","Small gully exposure - waist deep in tephra. Finer clast size than EC001.","Small gully exposure - waist deep in tephra. Finer clast size than EC001",228,"Alaska",NULL,NULL,"Island"
"Gareloi","15GRKS002","NW coast near BB29. Base of that gully.","NW coast near BB29. Base of that gully",228,"Alaska",NULL,NULL,"Island"
"Kanaga","15KGAB001","Summit of Kanaga. NE quadrant summit rim.","Summit of Kanaga. NE quadrant summit rim",228,"Alaska",NULL,NULL,"Island"
"Kanaga","15KGDL001","Caldera lake island. Steep cliff into lake, sample collected by reaching over ledge with shovel.","Caldera lake island. Steep cliff into lake, sample collected by reaching over ledge with shovel",228,"Alaska",NULL,NULL,"Island"
"Kanaga","15KGDL002","W flank Kanaga, 1994 flow. Looking for mafic inclusions.","W flank Kanaga, 1994 flow. Looking for mafic inclusions",228,"Alaska",NULL,NULL,"Island"
"Kanaga","15KGDL004","W shore of caldera lake on SE flank Kanaga; lava dome. Inclusion in host lava.","W shore of caldera lake on SE flank Kanaga; lava dome. Inclusion in host lava",228,"Alaska",NULL,NULL,"Island"
"Kanaga","15KGEC001","Steep stream cut on SE side of island","Steep stream cut on SE side of island",228,"Alaska",NULL,NULL,"Island"
"Kanaga","15KGEC002","Round Top. Just off steep sea cliff, surrounded by basalt, these deposits may not originate from Kanga volcano.","Round Top. Just off steep sea cliff, surrounded by basalt, these deposits may not originate from Kanga volcano",228,"Alaska",NULL,NULL,"Island"
"Kanaga","15KGEC004","SE sea cliff of Round Head; hike up from beach. Olivine + Pyx lava flow above and below a breccia full of large (<3 cm) equant loose pyroxenes. Spectacular locality for pyroxene and lava flow.","SE sea cliff of Round Head; hike up from beach. Olivine + Pyx lava flow above and below a breccia full of large (<3cm) equant loose pyroxenes. Spectacular locality for pyroxene and lava flow",228,"Alaska",NULL,NULL,"Island"
"Kanaga","15KGEC005","W flank Kanaga, 1994 flow. Looking for mafic inclusions.","W flank Kanaga, 1994 flow. Looking for mafic inclusions",228,"Alaska",NULL,NULL,"Island"
"Kanaga","15KGEC006","W flank Kanaga, 1994 flow. Looking for mafic inclusions.","W flank Kanaga, 1994 flow. Looking for mafic inclusions",228,"Alaska",NULL,NULL,"Island"
"Kanaga","15KGEC007","W flank Kanaga, 1994 flow. Looking for mafic inclusions.","W flank Kanaga, 1994 flow. Looking for mafic inclusions",228,"Alaska",NULL,NULL,"Island"
"Kanaga","15KGEC008","W shore of caldera lake on SE flank Kanaga. Clasts in PF?.","W shore of caldera lake on SE flank Kanaga. Clasts in PF?",228,"Alaska",NULL,NULL,"Island"
"Kanaga","15KGEC012","Possibly the Holocene flow. The PF and the Holo Flow are intermingled it seems.","Possibly the Holocene flow. The PF and the Holo Flow are intermingled it seems",228,"Alaska",NULL,NULL,"Island"
"Kanaga","15KGEC013","W shore of caldera lake on SE flank Kanaga. Clasts in PF?.","W shore of caldera lake on SE flank Kanaga. Clasts in PF?",228,"Alaska",NULL,NULL,"Island"
"Kanaga","15KGEC017",NULL,"Matched to the GeoNames record for Kanaga Island, Aleutians West Co., Alaska, United States (http://geonames.org/5865757) based on island name, state/province, and country using the situate.py script. Another place name mentioned in the EMu record (Aleutian Arc) could not be matched and was ignored when determining the coordinates given here. Point coordinates were rounded to 2 decimal places from the values given by GeoNames. An arbitrary error radius of 50 km was assigned to all island records matched using the script.",228,"Alaska",NULL,NULL,"Island"
"Kanaga","15KGEC08",NULL,"Multiple records from GeoNames matched the locality Kanaga Island/Kanaga Volcano, Aleutians West Co., Alaska, United States, including http://geonames.org/5865757 (featureCode=ISL) and http://geonames.org/5865760 (featureCode=MT). The situate.py script was unable to distinguish between these localities, and the coordinates and error radius given here describe a circle encompassing both localities. Another place name mentioned in the EMu record (Aleutian Arc) could not be matched and was ignored when determining the coordinates given here.",228,"Alaska",NULL,NULL,"Island"
"Kanaga","15KGKS001","Eastern sea cliff, south of Round Top","Eastern sea cliff, south of Round Top",228,"Alaska",NULL,NULL,"Island"
"Kanaga","15KGKS002",NULL,"Matched to the GeoNames record for Kanaga Island, Aleutians West Co., Alaska, United States (http://geonames.org/5865757) based on island name, state/province, and country using the situate.py script. Another place name mentioned in the EMu record (Aleutian Arc) could not be matched and was ignored when determining the coordinates given here. Point coordinates were rounded to 2 decimal places from the values given by GeoNames. An arbitrary error radius of 50 km was assigned to all island records matched using the script.",228,"Alaska",NULL,NULL,"Island"
"Kanaga","15KGMC001","3 km east of Kanaga summit. Near 00CW06.","3 km east of Kanaga summit. Near 00CW06",228,"Alaska",NULL,NULL,"Island"
"Kanaga","15KGMC003","""Dome"" inside Kanaton Ridge. Collected by Mattia.","""Dome"" inside Kanaton Ridge. Collected by Mattia",228,"Alaska",NULL,NULL,"Island"
"Kanaga","15KGMC004","Round Head top","Round Head top",228,"Alaska",NULL,NULL,"Island"
"Kanaga","15KGMC005","1906(?) lava flow on west side of Kanaga cone. Calm afternoon with fishing boat between me and Bobrof.","1906(?) lava flow on west side of Kanaga cone. Calm afternoon with fishing boat between me and Bobrof",228,"Alaska",NULL,NULL,"Island"
"Kanaga","15KGMC006","1906(?) lava flow on west side of Kanaga cone. Calm afternoon with fishing boat between me and Bobrof.","1906(?) lava flow on west side of Kanaga cone. Calm afternoon with fishing boat between me and Bobrof",228,"Alaska",NULL,NULL,"Island"
"Kanaga","15KGMC007","1906(?) lava flow on west side of Kanaga cone. Calm afternoon with fishing boat between me and Bobrof.","1906(?) lava flow on west side of Kanaga cone. Calm afternoon with fishing boat between me and Bobrof",228,"Alaska",NULL,NULL,"Island"
"Kanaga","15KGMC008","East flank of Kanaga cone. Nap time.","East flank of Kanaga cone. Nap time",228,"Alaska",NULL,NULL,"Island"
"Kanaga","15KGMP001","Round Head, southeast shore. Dinosaur egg beach.","Round Head, southeast shore. Dinosaur egg beach",228,"Alaska",NULL,NULL,"Island"
"Kanaga","15KGMP002","South lava flow of Kanaga Volcano, within Kanaton Caldera. Beginning of upper lava front (?).","South lava flow of Kanaga Volcano, within Kanaton Caldera. Beginning of upper lava front (?)",228,"Alaska",NULL,NULL,"Island"
"Kanaga","15KGMP002","South lava flow of Kanaga Volcano, within Kanaton Caldera. Lava Front.","South lava flow of Kanaga Volcano, within Kanaton Caldera. Lava Front",228,"Alaska",NULL,NULL,"Island"
"Kanaga","15KGMP002","South lava flow of Kanaga Volcano, within Kanaton Caldera. Lava Top.","South lava flow of Kanaga Volcano, within Kanaton Caldera. Lava Top",228,"Alaska",NULL,NULL,"Island"
"Kanaga","15KGMP003","Northern side of the eastern lava flow of Kanaga Volcano. Top of right ridge of lava flow.","Multiple records from GeoNames matched the locality Kanaga Island/Kanaga Volcano, Aleutians West Co., Alaska, United States, including http://geonames.org/5865757 (featureCode=ISL) and http://geonames.org/5865760 (featureCode=MT). The situate.py script was unable to distinguish between these localities, and the coordinates and error radius given here describe a circle encompassing both localities. Other place names mentioned in the EMu record (""Northern side of the eastern lava flow of Kanaga Volcano. Top of right ridge of lava flow."" and Aleutian Arc) could not be matched and were ignored when determining the coordinates given here.",228,"Alaska",NULL,NULL,"Island"
"Kanaga","15KGMP004","Western side of Kanaga volcano summit. In proximity of the fracture-ridge of S-rich fumaroles.","Multiple records from GeoNames matched the locality Kanaga Island/Kanaga Volcano, Aleutians West Co., Alaska, United States, including http://geonames.org/5865757 (featureCode=ISL) and http://geonames.org/5865760 (featureCode=MT). The situate.py script was unable to distinguish between these localities, and the coordinates and error radius given here describe a circle encompassing both localities. Other place names mentioned in the EMu record (""Western side of Kanaga volcano summit. In proximity of the fracture-ridge of S-rich fumaroles."" and Aleutian Arc) could not be matched and were ignored when determining the coordinates given here.",228,"Alaska",NULL,NULL,"Island"
"Kiska","15KKEC001","Western side of Sirius Point, NW flank of Kiska Volcano. Rough terrain with less vegetation than eastern side of Sirius Point.","Western side of Sirius Point, NW flank of Kiska Volcano. Rough terrain with less vegetation than eastern side of Sirius Point",228,"Alaska",NULL,NULL,"Island"
"Kiska","15KKKS001","High ridge on south of Kiska harbor on east side of lagoon","High ridge on south of Kiska harbor on east side of lagoon",228,"Alaska",NULL,NULL,"Island"
"Kiska","15KKMC002","Above Kiska Harbor, at top of Ridge above road. Skiffed ashore with Team FORTE.","Above Kiska Harbor, at top of Ridge above road. Skiffed ashore with Team FORTE",228,"Alaska",NULL,NULL,"Island"
"Kiska","15KKMC004","Just above Sirius Point. Flow above new SP lava.","Just above Sirius Point. Flow above new SP lava",228,"Alaska",NULL,NULL,"Island"
"Kiska","15KKMC005","Just west of Sirius Point","Just west of Sirius Point",228,"Alaska",NULL,NULL,"Island"
"Kiska","15KKMP002","50-60 ft up northern slope of eastward running gully. One mile west of previous location; 70 cm thick section.","50-60ft up northern slope of eastward running gully. One mile west of previous location; 70cm thick section",228,"Alaska",NULL,NULL,"Island"
"Kiska","15KKMP003","Base of eastern side of blocky lava field. Rough terrain.","Base of eastern side of blocky lava field. Rough terrain",228,"Alaska",NULL,NULL,"Island"
"Kiska","15KKMP003","Loose blocks (not in place) on northern flank of parasitic cone on NE side of Kiska Volcano. Rough terrain.","Loose blocks (not in place) on northern flank of parasitic cone on NE side of Kiska Volcano. Rough terrain",228,"Alaska",NULL,NULL,"Island"
"Kiska","15KKMP003","Middle of blocky lava field. Rough terrain.","Middle of blocky lava field. Rough terrain",228,"Alaska",NULL,NULL,"Island"
"Kiska","15KKMP003","Top of eastern side of blocky lava field. Rough terrain.","Top of eastern side of blocky lava field. Rough terrain",228,"Alaska",NULL,NULL,"Island"
"Kiska","15KKMP004","SSE flank of Kiska Volcano, adjacent to East Kiska Lake. Thick, homogenous vegetation coverage of blocky lava (less rough terrain than previous location).","SSE flank of Kiska Volcano, adjacent to East Kiska Lake. Thick, homogenous vegetation coverage of blocky lava (less rough terrain than previous location)",228,"Alaska",NULL,NULL,"Island"
"Kiska","15KKMP005 (001V-00b)","Eastern flank of Kiska Volcano, ~25 ft below crater rim. Ridge perpendicular to eastern rim.","Eastern flank of Kiska Volcano, ~25ft below crater rim. Ridge perpendicular to eastern rim",228,"Alaska",NULL,NULL,"Island"
"Kiska","15KKMP006 (002V-01)","Eastern flank of Kiska Volcano, at the crater rim. Crater rim.","Eastern flank of Kiska Volcano, at the crater rim. Crater rim",228,"Alaska",NULL,NULL,"Island"
"Kiska","15KKMP007 (003V-01)","Inside Kiska Volcano crater, western side. Crater.","Inside Kiska Volcano crater, western side. Crater",228,"Alaska",NULL,NULL,"Island"
"Kiska","15KKMP008 (004V-01)","Inside Kiska Volcano crater, western side. Crater.","Inside Kiska Volcano crater, western side. Crater",228,"Alaska",NULL,NULL,"Island"
"Little Sitkin","15LSEC001","Tephra section near West Cove Flow","Tephra section near West Cove Flow",228,"Alaska",NULL,NULL,"Island"
"Little Sitkin","15LSEC002","W Cove Lava Flow. East side of island near heli drop and just S of the springs. Bluff where KS has supernatural hearing.","W Cove Lava Flow. East side of island near heli drop and just S of the springs. Bluff where KS has supernatural hearing",228,"Alaska",NULL,NULL,"Island"
"Little Sitkin","15LSEC003","Tephra section on the SW coast just W of Prokhoda Pt. Gorgeous exposure. Sunny skies.","Tephra section on the SW coast just W of Prokhoda Pt. Gorgeous exposure. Sunny skies",228,"Alaska",NULL,NULL,"Island"
"Segula","15SGEC001","Thin gully on south side of island, west bank near parasitic cone. At the point where the lava flow from the parasitic cone meets the gully.","Thin gully on south side of island, west bank near parasitic cone. At the point where the lava flow from the parasitic cone meets the gully",228,"Alaska",NULL,NULL,"Island"
"Segula","15SGEC001",NULL,NULL,228,"Alaska",NULL,NULL,"Island"
"Segula","15SGEC002","Self-dug trench on top rim of gully","Self-dug trench on top rim of gully",228,"Alaska",NULL,NULL,"Island"
"Segula","15SGEC003","Gully just SW of parasitic cone","Gully just SW of parasitic cone",228,"Alaska",NULL,NULL,"Island"
"Segula","15SGEC004","Sea cliff on east side","Sea cliff on east side",228,"Alaska",NULL,NULL,"Island"
"Segula","15SGEC004",NULL,NULL,228,"Alaska",NULL,NULL,"Island"
"Segula","15SGEC005","Large gully at S of Seg with large alluvial deposit ""river of scoria"" and many outcropping lava flows. Completely different from the adjacent drainage (just a couple of thousand ft to the East).","Large gully at S of Seg with large alluvial deposit ""river of scoria"" and many outcropping lava flows. Completely different from the adjacent drainage (just a couple of thousand ft to the East)",228,"Alaska",NULL,NULL,"Island"
"Segula","15SGEC006","Large gully at S of Seg with large alluvial deposit ""river of scoria"" and many outcropping lava flows. Completely different from the adjacent drainage (just a couple of thousand ft to the East).","Large gully at S of Seg with large alluvial deposit ""river of scoria"" and many outcropping lava flows. Completely different from the adjacent drainage (just a couple of thousand ft to the East)",228,"Alaska",NULL,NULL,"Island"
"Segula","15SGKS001","West side of very large, flat-bottomed cut on south side of island. Steep cliff with large amount of volcanic debris.","West side of very large, flat-bottomed cut on south side of island. Steep cliff with large amount of volcanic debris",228,"Alaska",NULL,NULL,"Island"
"Segula","15SGMC001","Parasitic cone lava flow on SE flank. Lava hopping with pilot Dan.","Parasitic cone lava flow on SE flank. Lava hopping with pilot Dan",228,"Alaska",NULL,NULL,"Island"
"Segula","15SGMC002","Lava flow that makes Iron Point. Lava hopping with pilot Dan.","Lava flow that makes Iron Point. Lava hopping with pilot Dan",228,"Alaska",NULL,NULL,"Island"
"Segula","15SGMC003","NE coast, where young lava meets the sea. Lava hopping with pilot Dan.","NE coast, where young lava meets the sea. Lava hopping with pilot Dan",228,"Alaska",NULL,NULL,"Island"
"Segula","15SGMC004","NE coast, where young lava meets the sea. Lava hopping with pilot Dan.","NE coast, where young lava meets the sea. Lava hopping with pilot Dan",228,"Alaska",NULL,NULL,"Island"
"Segula","15SGMC005","Near head of small north cove on Segula, by picturesque beach. Lava hopping with pilot Dan; last stop, quick.","Near head of small north cove on Segula, by picturesque beach. Lava hopping with pilot Dan; last stop, quick",228,"Alaska",NULL,NULL,"Island"
"Segula","15SGMC006","Near head of small north cove on Segula, by picturesque beach. Lava hopping with pilot Dan; last stop, quick.","Near head of small north cove on Segula, by picturesque beach. Lava hopping with pilot Dan; last stop, quick",228,"Alaska",NULL,NULL,"Island"
"Segula","15SGMC008","Small gully above spectacular sea cliff at NW coast. Afternoon stop, hot and sunny.","Small gully above spectacular sea cliff at NW coast. Afternoon stop, hot and sunny",228,"Alaska",NULL,NULL,"Island"
"Segula","15SGMC009","Large amphitheater-like gully on south flank. EC and I met up with MP and KS here at end of day.","Large amphitheater-like gully on south flank. EC and I met up with MP and KS here at end of day",228,"Alaska",NULL,NULL,"Island"
"Semisopochnoi","15SMEC001","2000' SW of Sugar Loaf Peak / 1000' NW Sugarloaf Head","2000' SW of Sugar Loaf Peak / 1000' NW Sugarloaf Head",228,"Alaska",NULL,NULL,"Island"
"Semisopochnoi","15SMEC002","Tephra section just on saddle bw SLPk and SLhd","Tephra section just on saddle bw SLPk and SLhd",228,"Alaska",NULL,NULL,"Island"
"Semisopochnoi","15SMEC002",NULL,NULL,228,"Alaska",NULL,NULL,"Island"
"Semisopochnoi","15SMEC003","Saddle bw SL Pk and SL Head","Saddle bw SL Pk and SL Head",228,"Alaska",NULL,NULL,"Island"
"Semisopochnoi","15SMEC004","Tephra section on W side of semicircle crater(?) rim W of SL.","Tephra section on W side of semicircle crater(?) rim W of S.L",228,"Alaska",NULL,NULL,"Island"
"Semisopochnoi","15SMEC005","Tephra section on E side of Sugar Loaf","Tephra section on E side of Sugar Loaf",228,"Alaska",NULL,NULL,"Island"
"Semisopochnoi","15SMEC006","Tephra section on W side of Sugar Loaf southeastern-most drainage","Tephra section on W side of Sugar Loaf southeastern-most drainage",228,"Alaska",NULL,NULL,"Island"
"Semisopochnoi","15SMMC101","Tephra-rich gully on lower flank of Ragged Top, east of Fenner Creek. Near JL007, similar stratigraphy.","Tephra-rich gully on lower flank of Ragged Top, east of Fenner Creek. Near JL007, similar stratigraphy",228,"Alaska",NULL,NULL,"Island"
"Semisopochnoi","15SMMC102","W flank of Sugarloaf","Multiple records from GeoNames matched the locality Mount Cerberus/Semisopochnoi Island, Aleutians West Co., Alaska, United States, including http://geonames.org/4045872 (featureCode=MT) and http://geonames.org/4046173 (featureCode=ISL). The situate.py script was unable to distinguish between these localities, and the coordinates and error radius given here describe a circle encompassing both localities. Other place names mentioned in the EMu record (""W flank of Sugarloaf"" and Aleutian Arc) could not be matched and were ignored when determining the coordinates given here. The script interepreted Semisopochnoi as a synonym for Mount Cerberus.",228,"Alaska",NULL,NULL,"Island"
"Tanaga","15TGEC001","20+ feet of section taken at knob of land NE of Tanaga volcano, by coast, ~1 mi W of Falls Pt. Just E of seismic ""cliff"" station.","20+ feet of section taken at knob of land NE of Tanaga volcano, by coast, ~1mi W of Falls Pt. Just E of seismic ""cliff"" station",228,"Alaska",NULL,NULL,"Island"
"Tanaga","15TGEC001",NULL,NULL,228,"Alaska",NULL,NULL,"Island"
"Tanaga","15TGEC002","Seismic hut just to the S of Tanaga @MC26. Spectacular - above the clouds - top of the world.","Seismic hut just to the S of Tanaga @MC26. Spectacular - above the clouds - top of the world",228,"Alaska",NULL,NULL,"Island"
"Tanaga","15TGEC003","Saddle just SE of Sajaka @MC39. Spectacular - above the clouds - top of the world.","Saddle just SE of Sajaka @MC39. Spectacular - above the clouds - top of the world",228,"Alaska",NULL,NULL,"Island"
"Tanaga","15TGEC004","Tangent Point","Tangent Point",228,"Alaska",NULL,NULL,"Island"
"Tanaga","15TGKS001","Between Bumpy and Gauge points","Between Bumpy and Gauge points",228,"Alaska",NULL,NULL,"Island"
"Tanaga","15TGMC200","Basin below Tanaga/East Tanaga, near BB29. Near BB29.","Basin below Tanaga/East Tanaga, near BB29. Near BB29",228,"Alaska",NULL,NULL,"Island"
"Tanaga","15TGMC202","Between Tanaga and Takawangha, south side valley. Near MC44.","Between Tanaga and Takawangha, south side valley. Near MC44",228,"Alaska",NULL,NULL,"Island"
"Tanaga","15TGMC203","North coast, north flank of Takawangha. Near ""tephra hole"".","North coast, north flank of Takawangha. Near ""tephra hole""",228,"Alaska",NULL,NULL,"Island"
"Tanaga","15TGMC204","Flats south of Takawangha. Tephra gully extraordinaire.","Flats south of Takawangha. Tephra gully extraordinaire",228,"Alaska",NULL,NULL,"Island"
"Tanaga","15TGMC205","Just west of Cable Bay, south of Takawangha. 50-m-long gently exposed bluff.","Just west of Cable Bay, south of Takawangha. 50-m-long gently exposed bluff",228,"Alaska",NULL,NULL,"Island"
"Tanaga","15TNDL001","Lava flow toeing out just below 15TGEC001","Lava flow toeing out just below 15TGEC001",228,"Alaska",NULL,NULL,"Island"
