sample_type_id,sample_type_uri,label,description,parent_uri,parent_sample_type_id,scheme_uri,scheme_name
1,https://w3id.org/isample/vocabulary/materialsampleobjecttype/solidmaterialsample,Solid material sample,"Individual solid object, not formed directly by or part of a living organism, that is intended to be representative of some material.",https://w3id.org/isample/vocabulary/materialsampleobjecttype/nonbiologicsolidobject,130,https://w3id.org/sesar/objecttype/objecttypevocabulary,SESAR material sample object type extension
2,sesot:hole,Hole,"A sampling feature that is drilled or dug into the Earth surface to obtain material from the subsurface. Boreholes, soil pits, mine shafts are examples",sesot:samplingfeature,151,,
3,https://w3id.org/isample/earthenv/esmaterialsample/cuttings,Cuttings,unconsolidated Earth material produced by the grinding action of a drill bit during drilling of a borehole.,https://w3id.org/isample/vocabulary/materialsampleobjecttype/genericaggregation,100,,
4,https://w3id.org/isample/earthenv/esmaterialsample/core,Core,"Cylinder of rock or sediment extracted from within the earth, and representing the entire sample extracted during a single borehole drilling event.  Typically using some rotary drilling technology. In many cases the core is extracted in segments that are 'core sections'. A core from a single borehole is rarely a continous unbroken object; commonly parts of the core will break up during drilling or extraction, leaving gaps or sections that are granular material. Cores are normally composed of consolidated ('solid') material, but in some cases loosely consolidated material might be recovered, and considered sediment or tephra. To be called 'core' the material must be sufficiently consolidated to maintain a cylindrical shape. A core hasPart (hasChild) 'Core section'",https://w3id.org/isample/vocabulary/materialsampleobjecttype/solidmaterialsample,1,,
5,https://w3id.org/isample/earthenv/esmaterialsample/coresection,Core section,Segment of a core representing some interval along the well bore. Child of Core,https://w3id.org/isample/vocabulary/materialsampleobjecttype/solidmaterialsample,1,,
6,https://w3id.org/isample/earthenv/esmaterialsample/corehalfround,Core half round,"Half-cylindrical peice of consolidated material produced by along-axis split of a core whole round along a selected diameter .    Has childOf relation to core section or core, core section, or Core peice from which is was split",https://w3id.org/isample/vocabulary/materialsampleobjecttype/solidmaterialsample,1,,
9,https://w3id.org/isample/earthenv/esmaterialsample/corequarterround,Core quarter round,a partial cylindrical peice of consolidated material created by along-axis split of a core half round. Has Parent core half round,https://w3id.org/isample/vocabulary/materialsampleobjecttype/solidmaterialsample,1,,
10,https://w3id.org/isample/earthenv/esmaterialsample/corepiece,Core piece,A cylindrical peice of consolidated earth material extracted as a single solid object between breaks in recovery of core from a borehole. has parent core section,https://w3id.org/isample/vocabulary/materialsampleobjecttype/solidmaterialsample,1,,
11,https://w3id.org/isample/earthenv/esmaterialsample/coresubpeice,Core subpeice,A peice of consolidated material broken from a core peice. has Parent core peice or core section,https://w3id.org/isample/vocabulary/materialsampleobjecttype/solidmaterialsample,1,,
12,https://w3id.org/isample/earthenv/esmaterialsample/dredge,Dredge,an aggregation of material sampled by dragging a collection bucket (dredge) across the bottom of a water body,https://w3id.org/isample/vocabulary/materialsampleobjecttype/genericaggregation,100,,
16,https://w3id.org/isample/earthenv/esmaterialsample/trawl,Trawl,an aggregation of biogenic or non-biogenic material extracted from a water body,https://w3id.org/isample/vocabulary/materialsampleobjecttype/genericaggregation,100,,
18,https://w3id.org/isample/earthenv/esmaterialsample/uchannelsample,U-channel sample,a rectangular prism of loosely consolidated sediment extracted from a core segment. has parent core piece or core segment,https://w3id.org/isample/vocabulary/materialsampleobjecttype/solidmaterialsample,1,,
19,https://w3id.org/isample/earthenv/esmaterialsample/slab,Slab,"a relatively planar rock sample, cut from a larger sample to produce a tabular peice of rock with the irregular outline of the original sample on the diameter where the cut was made.",https://w3id.org/isample/vocabulary/materialsampleobjecttype/analyticalpreparation,33,,
20,https://w3id.org/isample/earthenv/esmaterialsample/individualsolidcube,Individual solid cube,"A sample that is a prepared cube of material, intended as a sample of that material.",https://w3id.org/isample/vocabulary/materialsampleobjecttype/solidmaterialsample,1,,
21,https://w3id.org/isample/earthenv/esmaterialsample/individualsolidcylinder,Individual solid cylinder,A cylindrical peice of consolidated material not obtained by subsurface drilling.  Cores drilled for paleomagnetic analysis are a common example. Tree ring cores are another...,https://w3id.org/isample/vocabulary/materialsampleobjecttype/solidmaterialsample,1,,
25,https://w3id.org/isample/vocabulary/materialsampleobjecttype/fluidincontainer,Fluid in container,"Material sample is a liquid, gas, or mixed dominantly fluid phase material that is necessarily inside some container. Fluids might include minor solid particles. The container is typically human made, but also includes natural fluid containers, e.g. a fluid inclusion in a mineral grain.  Fluids might be colloids, foams, gels, or suspensions. The sample is the fluid substance; fluid samples collected to analyze the contained biome should be considered 'Biome aggregation sample'",https://w3id.org/isample/vocabulary/materialsampleobjecttype/materialsample,152,,
27,sesot:squeezecake,Squeeze cake,"Small piece of whole round core after pore water has been extracted. A 5cm – 15cm piece of core is put in a titanium container and sealed with a fitted piston. The container is then placed on a hydraulic press and pressed under up to 35,000 lbs to extract the pore water. Squeezing destroys the sediment structure",https://w3id.org/isample/vocabulary/materialsampleobjecttype/analyticalpreparation,33,,
28,https://w3id.org/isample/earthenv/esmaterialsample/thinsection,Thin section,"thin sliver of rock cut from a sample with a diamond saw and ground optically flat, and then mounted on a glass slide and ground smooth using progressively finer abrasive grit until the sample is 30 microns thick.",https://w3id.org/isample/earthenv/esmaterialsample/mountedsection,144,,
29,https://w3id.org/isample/earthenv/esmaterialsample/glassslidesmear,Glass slide smear,sample from a cell culture (or other microparticulate suspension) spread into a thin layer on a glass slide for optical investigation,https://w3id.org/isample/vocabulary/materialsampleobjecttype/analyticalpreparation,33,,
30,https://w3id.org/isample/earthenv/esmaterialsample/mechanicalfraction,Mechanical fraction,"defined by sample preparation involving mechanical processing, e.g. grain size, density, or grain shape separation.",https://w3id.org/isample/vocabulary/materialsampleobjecttype/analyticalpreparation,33,,
31,https://w3id.org/isample/earthenv/esmaterialsample/dissolvedchemicalfraction,Dissolved chemical fraction,A fluid concentrating some constituent of interest from a parent sample. The dissolved constituent is actually the sample material of interest.,https://w3id.org/isample/vocabulary/materialsampleobjecttype/analyticalpreparation,33,,
32,https://w3id.org/isample/earthenv/esmaterialsample/preparedpowder,Prepared powder,"distinguish from particulate in that particulate is sampled as a micron-size aggregate, whereas this material is ground to a powder for subsequent analysis; it is a powder as a function of some preparation process (e.g. chemical precipitation)",https://w3id.org/isample/vocabulary/materialsampleobjecttype/analyticalpreparation,33,,
33,https://w3id.org/isample/vocabulary/materialsampleobjecttype/analyticalpreparation,Analytical preparation,"Material sample is a product of processing required for some observation procedure, e.g. thin section, XRF bead, SEM stub, rock powder. If identified separately, this should have a ‘parent’ link to the original sample",https://w3id.org/isample/vocabulary/materialsampleobjecttype/researchproduct,141,,
34,https://w3id.org/isample/earthenv/esmaterialsample/cellculture,Cell culture,"a collection of cells are grown under controlled conditions, generally outside of their natural environment",https://w3id.org/isample/vocabulary/materialsampleobjecttype/analyticalpreparation,33,,
35,https://w3id.org/isample/earthenv/esmaterialsample/preparedrockpowder,Prepared rock powder,a powder manufactured by pulverizing a rock.,https://w3id.org/isample/earthenv/esmaterialsample/preparedpowder,32,,
37,sesot:site,Sampling site,A registered location at which samples were collected or observations occurred.,sesot:samplingfeature,151,,
38,https://w3id.org/isample/vocabulary/materialsampleobjecttype/experimentalproduct,Experiment product,Material sample that is the product of an experimental procedure (e.g. synthetic material),https://w3id.org/isample/vocabulary/materialsampleobjecttype/researchproduct,141,,
41,https://w3id.org/isample/earthenv/esmaterialsample/corecatcher,Core catcher,material recovered from the core catcher of a sedimentary core and which is treated as a separate section from the core. The core catcher is a device at the bottom of the core barrel that prevents the core from sliding out while the barrel is retrieved from the hole. (http://publications.iodp.org/proceedings/323/102/102_.htm),https://w3id.org/isample/vocabulary/materialsampleobjecttype/genericaggregation,100,,
43,sesot:humantissue,Human tissue,Sample is tissue or some body part from a human.,https://w3id.org/isample/vocabulary/materialsampleobjecttype/biologicalmaterialsample,105,,
100,https://w3id.org/isample/vocabulary/materialsampleobjecttype/genericaggregation,Aggregation,"An aggregate material sample that is not biogenic or composed of anthropogenic material fragments.  Examples: loose soil or sediment (e.g. in a bag), rock chips, particulate filtrate or precipitate; rock powders.",https://w3id.org/isample/vocabulary/materialsampleobjecttype/anyaggregation,102,,
101,https://w3id.org/isample/vocabulary/materialsampleobjecttype/anthropogenicaggregation,Anthropogenic aggregation,"An aggregate material sample consisting of fragments of material produced by human activity, not described individually, and generally not all originating from the same object.  Includes pottery in an excavation unit that gets an aggregate description, production waste, production raw-materials, or other residues (broken bits of plaster from a destroyed wall), synthetic powders.",https://w3id.org/isample/vocabulary/materialsampleobjecttype/anyaggregation,102,,
102,https://w3id.org/isample/vocabulary/materialsampleobjecttype/anyaggregation,Any aggregation material sample,"Sample consists of a bunch of material fragments, not related to the same object (e.g. not a bunch of broken pot sherds that might be reassembled), but taken together representative of the sampled feature. Examples: loose soil, sediment, crushed rock,  particulate, bunches of unrelated pot sherd, human production waste, filtrates and residues. The sample requires some kind of container to keep it together. Cores of loosely consolidated material are considered 'Solid material specimen' when preserved such that the internal parts have spatial relationships (e.g. upper part, lower part, sedimentary structures).",https://w3id.org/isample/vocabulary/materialsampleobjecttype/materialsample,152,,
103,https://w3id.org/isample/vocabulary/materialsampleobjecttype/artifact,Artifact,"An object made (manufactured, shaped, modified) by a human being, or precursor hominid. Include a set of pieces belonging originally to a single object and treated as a single sample.",https://w3id.org/isample/vocabulary/materialsampleobjecttype/nonbiologicsolidobject,130,,
104,https://w3id.org/isample/vocabulary/materialsampleobjecttype/atomprobetip,Atom probe tip,needle-shaped sample milled out of a larger sample with a focused ion beam (FIB).,https://w3id.org/isample/vocabulary/materialsampleobjecttype/solidmaterialsample,1,,
105,https://w3id.org/isample/vocabulary/materialsampleobjecttype/biologicalmaterialsample,Biological material sample,"Material sample representative of one or more living organisms from a particular biome context, megascopic or microscopic",https://w3id.org/isample/vocabulary/materialsampleobjecttype/materialsample,152,,
106,https://w3id.org/isample/vocabulary/materialsampleobjecttype/biomeaggregation,Biome aggregation sample,"Material sample that is an aggregation of whole or fragmentary parts of multiple organisms, microscopic or megascopic, representative of some sampled feature.",https://w3id.org/isample/vocabulary/materialsampleobjecttype/anyaggregation,102,,
107,https://w3id.org/isample/vocabulary/materialsampleobjecttype/biomeaggregation,Biome aggregation sample,"Material sample that is an aggregation of whole or fragmentary parts of multiple organisms, microscopic or megascopic, representative of some sampled feature.",https://w3id.org/isample/vocabulary/materialsampleobjecttype/biologicalmaterialsample,105,,
108,https://w3id.org/isample/earthenv/esmaterialsample/boxedcore,Boxed core,A collection of core peices that are stored in an individual box. Typically the box will contain core peices from the same core.,https://w3id.org/isample/vocabulary/materialsampleobjecttype/genericaggregation,100,,
109,https://w3id.org/isample/vocabulary/materialsampleobjecttype/bundlebiomeaggregation,Bundle biome aggregation,An aggregation of whole organisms representative of some biome,https://w3id.org/isample/vocabulary/materialsampleobjecttype/biomeaggregation,106,,
110,https://w3id.org/isample/vocabulary/materialsampleobjecttype/bundlebiomeaggregation,Bundle biome aggregation,Material sample that is an aggregation of whole organisms representative of some biome.,https://w3id.org/isample/vocabulary/materialsampleobjecttype/biomeaggregation,106,,
111,https://w3id.org/isample/vocabulary/materialsampleobjecttype/chip,Chip,Individual solid object intentionally broken off a larger solid object sample. A Chip must have a documented parent sample.,https://w3id.org/isample/vocabulary/materialsampleobjecttype/solidmaterialsample,1,,
112,https://w3id.org/isample/earthenv/esmaterialsample/chipchannelsample,Chip Channel Sample,"small chips of rock collected over a specified interval, with the objective to obtain a representative sample for that interval. Most of the time chip channel samples are collected in succession along a sample line which is laid out in advance using a tape.  The freshest material possible is sampled, preferably chipping directly from bedrock. Sample intervals are set at a specified width, usually ranging from 30cm to 7m. Due to the method of sampling, chip channel samples tend to be rather large (up to 20 pounds for a five foot interval)",https://w3id.org/isample/earthenv/esmaterialsample/compositesample,113,,
113,https://w3id.org/isample/earthenv/esmaterialsample/compositesample,Composite sample,"a sample composed of multiple peices, representative of some material, or representative of some site. The peices do not all originate from the same object.",https://w3id.org/isample/vocabulary/materialsampleobjecttype/genericaggregation,100,,
114,https://w3id.org/isample/earthenv/esmaterialsample/directfluidsample,Direct fluid sample,"a fluid collected from the sampled feature (e.g. water body, hydrothermal vent, atmosphere...) with no processing. (e.g. filtration, addition of preservatives).",https://w3id.org/isample/vocabulary/materialsampleobjecttype/fluidincontainer,25,,
115,https://w3id.org/isample/earthenv/esmaterialsample/dustwipe,Dust wipe,a pre-weighed and packaged paper towel (wipe) used to wipe over a surface to collect particulates from the surface,https://w3id.org/isample/vocabulary/materialsampleobjecttype/othersolidobject,134,,
116,https://w3id.org/isample/earthenv/esmaterialsample/eluate,Eluate,The fluid product that contains the analyte of interest washed from a chromatography column,https://w3id.org/isample/earthenv/esmaterialsample/dissolvedchemicalfraction,31,,
117,https://w3id.org/isample/earthenv/esmaterialsample/fiblamella,FIB lamella,very thin sheet of solid material milled from a larger sample using a focused ion beam. Used for TEM analysis.,https://w3id.org/isample/vocabulary/materialsampleobjecttype/analyticalpreparation,33,,
118,https://w3id.org/isample/earthenv/esmaterialsample/filtrate,Filtrate,"A sample that has gone through a filtration process to separate solids from fluids (liquids or gases), using a filter medium through which only the fluid can pass. Must be associated with a filter size.",https://w3id.org/isample/earthenv/esmaterialsample/processedfluidsample,140,,
119,https://w3id.org/isample/vocabulary/materialsampleobjecttype/fossil,Fossil,"Material sample is the remains or trace of one or more organisms preserved in rock; includes whole body, body parts (usually bone or shell), and trace fossils. An organism or organism part becomes a fossil when it has undergone some fossilization process that entails physical and chemical changes akin to diagenesis in a sedimentary rock. Includes trace fossils, which are manifestations of biologic activity preserved in a rock body (typically sedimentary), without included preserved body parts.",https://w3id.org/isample/vocabulary/materialsampleobjecttype/nonbiologicsolidobject,130,,
120,https://w3id.org/isample/vocabulary/materialsampleobjecttype/genericaggregation,Generic aggregation,"An aggregate material sample that is not biogenic or composed of anthropogenic material fragments.  Examples: loose soil or sediment (e.g. in a bag), rock chips, particulate filtrate or precipitate; rock powders.",https://w3id.org/isample/vocabulary/materialsampleobjecttype/anyaggregation,102,,
121,https://w3id.org/isample/earthenv/esmaterialsample/highgradesample,High Grade Sample,"in mineral exploration, selective pieces of the most highly mineralized material from a mineralize site, intentionally excluding less mineralized material. A high grade sample might be collected to indicate what the best possible values are, or to provide material for certain types of trace element analyses.",https://w3id.org/isample/earthenv/esmaterialsample/compositesample,113,,
122,https://w3id.org/isample/earthenv/esmaterialsample/magneticfraction,Magnetic fraction,a collection of particles separated from a crushed rock sample based on their attraction to a magnet.,https://w3id.org/isample/earthenv/esmaterialsample/mineralseparate,126,,
123,https://w3id.org/isample/earthenv/esmaterialsample/materialcapturedinfilter,Material captured in filter,"A material sample captured in filter, for example from a water sample that was filtered. Must be associated with filter size field.",https://w3id.org/isample/vocabulary/materialsampleobjecttype/genericaggregation,100,,
124,https://w3id.org/isample/earthenv/esmaterialsample/meteorite,Meteorite,A meteorite is a solid object that originates in interplanetary space and survives passage through an atmosphere to reach the surface of a planet or moon.,https://w3id.org/isample/vocabulary/materialsampleobjecttype/solidmaterialsample,1,,
125,https://w3id.org/isample/vocabulary/materialsampleobjecttype/microtomeslice,Microtome slice,A very thin slice cut from a mounted specimen using a mocrotome or ultramicrotome.,https://w3id.org/isample/vocabulary/materialsampleobjecttype/solidmaterialsample,1,,
126,https://w3id.org/isample/earthenv/esmaterialsample/mineralseparate,Mineral separate,an aggregation of particles of the same mineral extracted and concentrated from a rock.,https://w3id.org/isample/vocabulary/materialsampleobjecttype/analyticalpreparation,33,,
127,https://w3id.org/isample/earthenv/esmaterialsample/mineralspecimen,Mineral specimen,"a solid object consisting of one particular mineral, or several minerals intended to be representative of one or more of the mineral species.",https://w3id.org/isample/vocabulary/materialsampleobjecttype/solidmaterialsample,1,,
128,https://w3id.org/isample/vocabulary/materialsampleobjecttype/mountedspecimen,Mounted specimen,"one or more solid objects embedded in a stabilizing matrix, typically epoxy, metal, or paraffin to allow slicing through the mounted object(s).",https://w3id.org/isample/vocabulary/materialsampleobjecttype/solidmaterialsample,1,,
129,https://w3id.org/isample/earthenv/esmaterialsample/naturalaggregate,Natural aggregate specimen,Specimen is aggregate of non-consolidated material formed by natural processes. Particles have not been intentionally modified from the sampled feature.,https://w3id.org/isample/vocabulary/materialsampleobjecttype/genericaggregation,100,,
130,https://w3id.org/isample/vocabulary/materialsampleobjecttype/nonbiologicsolidobject,Non biologic solid object,"Individual solid object, the substance of which is not formed directly by or part of a living organism",https://w3id.org/isample/vocabulary/materialsampleobjecttype/materialsample,152,,
131,https://w3id.org/isample/earthenv/esmaterialsample/nonmagneticfraction,Non-magnetic fraction,collection of particles from a crushed rock sample based on their lack of attraction to a magnet,https://w3id.org/isample/earthenv/esmaterialsample/mineralseparate,126,,
132,https://w3id.org/isample/vocabulary/materialsampleobjecttype/organismpart,Organism part,"Material sample that is part of an organism, e.g. a tissue sample, plant leaf, flower, bird feather. Include internal parts not composed of organic material (e.g. teeth, bone), and hard body parts that are not shed (hoof, horn, tusk, claw).  Hair is tricky, include here for now.  Does not necessarily imply existance of parent sample. Not fossilized; generally includes organism parts native to deposits of Holocene to Recent age.",https://w3id.org/isample/vocabulary/materialsampleobjecttype/biologicalmaterialsample,105,,
133,https://w3id.org/isample/vocabulary/materialsampleobjecttype/organismproduct,Organism product,"Material sample is a thing produced by some organism, generally not composed of organic material or including biological tissue, e.g. Shell, antler, egg shell, coral skeleton (organic tissue not included), fecal matter, cocoon, web.  Consider internal parts not composed of organic material (e.g. teeth, bone) and hard body parts that are not shed (hoof, horn, tusk) to be organism parts.",https://w3id.org/isample/vocabulary/materialsampleobjecttype/biologicalmaterialsample,105,,
134,https://w3id.org/isample/vocabulary/materialsampleobjecttype/othersolidobject,Other solid object,A non-biologic solid object that is not one of the other types.,https://w3id.org/isample/vocabulary/materialsampleobjecttype/nonbiologicsolidobject,130,,
135,https://w3id.org/isample/vocabulary/materialsampleobjecttype/particle,Particle,A small individual solid object that is not one of the other sample types.,https://w3id.org/isample/vocabulary/materialsampleobjecttype/solidmaterialsample,1,,
136,https://w3id.org/isample/earthenv/esmaterialsample/peel,Peel,"Acetate peels are made by polishing a planar surface on a sample, etching it with acid to give it some relief, and then chemically melting a piece of acetate onto that surface. The acetate is then pulled off for examination under a microscope. The acetate preserves a fingerprint of the internal structure of the sample surface. Used in paleontology to study complex fossils, e.g. bryozoan.",https://w3id.org/isample/vocabulary/materialsampleobjecttype/analyticalpreparation,33,,
137,https://w3id.org/isample/earthenv/esmaterialsample/polishedmountedspecimen,Polished mounted specimen,Mounted specimen with polished surface exposing mounted material for analysis,https://w3id.org/isample/vocabulary/materialsampleobjecttype/mountedspecimen,128,,
138,https://w3id.org/isample/earthenv/esmaterialsample/polishedthinsection,Polished thin section,a thin section that has its free surface polished until perfectly planar and free of pits and scratches. Used for reflected light petrography and for electron microprobe or SEM investigation.,https://w3id.org/isample/earthenv/esmaterialsample/thinsection,28,,
139,https://w3id.org/isample/earthenv/esmaterialsample/pressedpellet,Pressed pellet,"a sample prepared by grinding a parent sample to a fine powder, mixing it with a binder, and pressing the mixture into a die at a pressure of between 15 and 35 tons to produce a solid disc for subsequent analysis, typically by X-Ray fluorescence.",https://w3id.org/isample/vocabulary/materialsampleobjecttype/analyticalpreparation,33,,
140,https://w3id.org/isample/earthenv/esmaterialsample/processedfluidsample,Processed fluid sample,"fluid sample that has been processed in some way during or after collection, e.g. by filtering, addition of preservatives.",https://w3id.org/isample/vocabulary/materialsampleobjecttype/fluidincontainer,25,,
141,https://w3id.org/isample/vocabulary/materialsampleobjecttype/researchproduct,Research product,"Material sample is a product of some research workflow, e.g. a thin section, an XRF pellet, a grain mount, SEM stub, synthetic rock or mineral ...  In general there should be a link to a parent material sample from which this was derived.  Might be aggregation (e.g. a synthetic material powder) or a solid object.",https://w3id.org/isample/vocabulary/materialsampleobjecttype/materialsample,152,,
142,https://w3id.org/isample/earthenv/esmaterialsample/residualmaterial,Residual material,Sample is material remaining after processing to extract some other components of interest from the sample.,https://w3id.org/isample/vocabulary/materialsampleobjecttype/analyticalpreparation,33,,
143,https://w3id.org/isample/earthenv/esmaterialsample/rockhandsample,Rock hand sample,individual peice of rock broken from an outcrop or larger peice of rock.,https://w3id.org/isample/vocabulary/materialsampleobjecttype/solidmaterialsample,1,,
144,https://w3id.org/isample/earthenv/esmaterialsample/mountedsection,Sectioned specimen,a thin slice of a solid material that has been mounted on a glass slide for study,https://w3id.org/isample/vocabulary/materialsampleobjecttype/analyticalpreparation,33,,
145,https://w3id.org/isample/earthenv/esmaterialsample/sitecompositesample,Site composite sample,"an aggregation of peices of uniform material collected over some area (generally greater than 2.5m across). These are the ideal 'representative' samples used in mineral exploration. A composite sample might be collected to determine the background values of trace elements in a particular type of rock, or to determine if ore grade mineralization is present over a large area.",https://w3id.org/isample/earthenv/esmaterialsample/compositesample,113,,
146,https://w3id.org/isample/vocabulary/materialsampleobjecttype/slurrybiomeaggregation,Slurry biome aggregation,"Material sample that consists of mixed organic and inorganic material, including whole organisms and organism fragments.",https://w3id.org/isample/vocabulary/materialsampleobjecttype/biomeaggregation,106,,
147,https://w3id.org/isample/earthenv/esmaterialsample/temgrid,TEM grid,"FIB sections and microtome slices set onto a small grid for handling, transport, and analysis using a transmission electron microscope (TEM). The grid itself can be given a single sample identifier (similar to how there are multiple grains in a grain mount). The linkage from the individual samples in the grid to their parent sample(s) should be documented",https://w3id.org/isample/vocabulary/materialsampleobjecttype/genericaggregation,100,,
148,https://w3id.org/isample/earthenv/esmaterialsample/thicksection,Thick section,"Thick sections are like thin sections, but milled to a greater thickness. Typcially polished on one or both sides and used for fluid or melt inclusion studies, Raman analyses, and infrared spectroscopy analyses, and SEM or electron microprobe. The standard thickness for a fluid inclusion thick section is 50 micrometers, but thick sections can be made at any thickness.  Thick sections can be attached to a glass slide, or can be prepared so that they can be removed from their mount as a stand-alone slice of rock.",https://w3id.org/isample/earthenv/esmaterialsample/mountedsection,144,,
149,https://w3id.org/isample/earthenv/esmaterialsample/ultrathinsection,Ultra thin section,"An ordinary thin section that is attached to the glass slide using a soluble cement such as Canada balsam (soluble in ethanol) to allow both sides to be worked on. The section is polished on both sides using a fine diamond paste until it has a thickness in the range of 2-12 microns. This technique has been used to study the microstructure of very fine-grained carbonate rocks, and also in the preparation of mineral and rock specimens for transmission electron microscopy.",https://w3id.org/isample/earthenv/esmaterialsample/mountedsection,144,,
150,https://w3id.org/isample/vocabulary/materialsampleobjecttype/wholeorganism,Whole organism material sample,"Material sample consists of the bodies of one or more entire organisms of the same species, from any kingdom.",https://w3id.org/isample/vocabulary/materialsampleobjecttype/biologicalmaterialsample,105,,
151,sesot:samplingfeature,Sampling feature,"An entity that is the locus of sample collection. Borehole (hole) and site occur as sample types in the SESAR legacy database, extend the material sample object type to include these features which are not technically samples themself.",,,,
152,https://w3id.org/isample/vocabulary/materialsampleobjecttype/materialsample,Material Sample,A material entity that represents an entity of interest in whole or in part (http://rs.tdwg.org/dwc/terms/MaterialSample). Top concept in material sample object type hierarchy.  Represents any material sample object. ,,,,
153,sesot:terrestrialsection,Terrestrial section,"sampling feature is a section of the near-surface Earth, generally in the critical zone.",sesot:samplingfeature,151,,
