primary_location_type,count,type
 Abyssal Hill Province,362,name
 Bermuda Rise,59,name
 Harbour,4,type
 Mountain,1,type
 Sohm’s Abyssal Plain,52,name
 tile drain,1,type
 Transverse Ridge,101,?
 uplift of magma or volcanoes,6,?
"""Tree""",3,type
"(Volcano) Seamount on axis- ""The Hump""",1,name
~ 1400 ft south of the Nut Island Shaft at the north end of the the Braintree Weymouth Tunnel,2,location
"~1.2 km W. of Clayton, N. of HWY 75, up talus slope",1,location
~400 m west of North Peak,1,"name, location"
~570 mi. ENE of Samoa.,1,location
~580 mi. ENE of Somoa.,1,location
~630 mi. WNW of Tahiti-S. Pacific.,1,location
~650 mi. WNW of Tahiti - S.Pacific.,1,location
>35 degree slope on far NE corner of Chukchi Plateau near Healy Seamount. Seismic lines from HLY0503 shows feature to be normal fault scarp,53,"type, name"
>40 degree slope near top of normal fault block imaged in seismic profile from HLY0503.  West of Northwind Ridge near top of fault scarp.  Target 750m water depth.,34,type
>40 degree slope on smal fault block along the Northwind Escarpment.  Feature is triangular shaped salient between larger normal fault segments.,37,name
>50 degree slope on fault scarp on southern edge of Nautilus Basin,11,name
290° W. of Cape St. George ~ 20 mi.,1,"name, location"
300 m high volcanic cone in axial rift,18,type
4° N Fracture Zone.,1,name
400 m high volcano just north of intersection w/Lena Trough,23,"type,location"
40m high ridge N of split volcano,1,type
"60 mi. NW. of Livingston Is., S. Shetland.",1,location
60m high nose in center of rift valley,1,type
90-E. Ridge.,1,name
abyssal feature,180,type
Abyssal feature,18,type
Abyssal Feature,9,type
abyssal hill,1,type
Abyssal hills,83,type
abyssal plain,19,type
Abyssal plain,348,type
Active Fault,131,type
Active fault trace,49,type
Active vent field,44,type
Agricultural Field,15,type
Agricultural Field ,45,type
Agricultural water reservoir,128,type
Agulhas Plateau,1,name
Agulhas Plateau.,1,name
"Alboran Ridge- Tofino Bank, hummocky",1,name
Alkali basalt flow,19,type
Alkaline Complex,17,type
Allula-Fartak Fracture Zone (Trench).,1,name
Allula-Fratak Trench S. end.,1,name
Along Squaw Creek road,1,location
"Along Squaw Creek, in Clayton Quadrangle",1,location
Alula-Fartak Trench-Southern end.,1,name
Alula-Fartak Trench (F.Z),1,name
"Alula-Fartak Trench, N. extremity.",1,name
Alula-Fartak Trench.,3,name
Alula Fracture Zone. (Gulf of Aden).,1,name
Amaghino Canyon-W. of Argentine Basin.,1,name
Antarctic Continental slope off Anvers Is.,1,"type, name"
Antartic Continental Shelf off S. Shettland Is.,1,"type,na"
Antartic Shelf off Anvers Is. Palmer Peninsula.,1,"type, name"
anthropogenic,3,type
Anticline,2,type
Antigonish Highlands,4,name
aquifer,2,type
Arc Volcano,213,type
arch,27,type
Archean Basement ,2,type
Archipelagic apron,89,type
Arctic Tundra,166,type
Aregntine Continental Slope.,1,name
Argentine Continental Shelf off La Plata River.,2,name
Argentine Continental Shelf off Magellan Strait.,1,name
Argentine Continental Shelf off Point Deseado.,2,name
Argentine Continental Slope,1,name
Argentine Continental slope off Point Deseado.,1,name
Argentine Continental Slope.,6,name
Argentine Seamount.,1,name
Aseismic rise or ridge,731,type
ash atop Weiser basalt,1,geologic unit
Atlantic-Indian Ridge,1,name
atoll,116,type
Atoll,2,type
"atoll
",1,type
Atop Vema Seamount-off S.E. Africa.,1,name
Augusta Escarp. E Mediter.,1,name
Augusta Escarp. E. Mediter.,1,name
Auplia Escarp. Embayment on N. side.,1,name
"Aureka volcanic ridge, north of Ra smt, on Ngatemato volcanic line.",1,"name, location"
axial valley,19,type
Axial valley,308,type
axial valley volcano adjacent to fracture zone,1,type
axial volcanic field NW of split volcanic ridge,33,"type, location"
Ayu Trough.,1,name
Back-Arc Basin Volcano,13,type
back-arc ridge,24,type
Back Arc,37,type
backarc basin spreading center,5,type
backarc ridge,27,type
backarc spreading center,56,type
BackarcBasin,522,type
backslope,363,type
Backslope,261,type
Baffin Island,10,name
Baja California Seamount Province.,1,name
bank,53,type
bank (hydrographic),185,type
"Barren Basin, Albany–Fraser Orogen",1,name
barrier island,105,type
Barrier Reef on ocean island volcano,65,type
Basalt flow,34,type
base of cinder cone,2,type
base of N wall of axial valley,24,type
base of N wall of rift valley,154,type
Base of N wall of rift valley,58,type
base of N wall of rift valley W of axial  volcanic high,36,type
base of Plateau basalts,2,type
base of rift valley N wall,27,type
base of rift valley NW wall,34,type
base of S wall of rift valley,147,type
base of slope,1,type
base to mid-section of headwall of septum between ridge sections,83,type
Basement High; W. Agulhas Plateau.,1,name
basin,562,type
Basin,160,type
Basin & Range desert basin,623,type
Basin SE. of Marcus- Nocker Ridge.,1,"type, location"
Basin south of two branches of Indian Ridges.,1,"type, location"
Bass Straits-S. Australia.,1,name
Bass Straits - East End.,1,name
batholith,3,type
Bathyal Slope E. of Falklans,1,"type, location"
Bathyal Slope of Argentine Basin.,1,"type, name"
Bathyal Slope of Chile Continental Shelf.,1,"type, name"
Bathyal Slope of Chile Shelf.,1,"type, name"
bay,265,type
Bay,4,type
Bay/Sound,3,type
beach,294,type
Beach,15,type
bedrock flood terrace,1,type
Berkeley hills,2,name
Between Jan Mayen Ridge and Iceland Plateau.,1,location
Between Three Kings Rise and Norfolk Ridge.,1,location
Big One Seamount-2nd attempt.,1,name
Big Rock near Nicasio,1,"type, location"
"biotite quartz schist and diopside quartzite, just west of 5PL08",1,"geoUnit, location"
"Blanes Canyon, off Barcelona, W Mediterranean.",1,name
Blanes Canyon.,1,name
block in melange,8,type
block in mélange,6,type
Block in mélange,1,type
block weathered from mélange,3,type
Blue hole,3,name
bog,1,type
boreal forest,97,type
bottomland forest,17,type
Bottomland forest,8,type
Boulder Batholith,2,name
Bowers Ridge.,1,name
Bradshaw Mountains,7,name
Brazil Basin.,1,name
"Brazilian Basin ""Colombia Seamount"" N. of Rio Grande.",1,name
Brazilian Basin.,1,name
Brazilian Continental Shelf N. of Recife.,1,"name, location"
Broken Ridge S. Scarp,1,"name, location"
Broken Ridge: Upper part of scarp.,1,"name, location"
Butte,3,type
Cagayan Canyon.,1,name
Caguyan Canyon.,1,name
Caguyan Submarine Canyon.,1,name
Calabrian Apennines​,2,name
caldera,15,type
Caldera,68,type
Caldera Rim,4,type
Campeche Bank - G. of Mexico.,1,name
Canal,1,type
Canals and Drains,35,type
canyon,55,type
Canyon,19,type
Canyon-N.W Luzon.,1,"type, location"
Canyon N.E. of Luzon.,2,"type, location"
"canyon or channel, mid-ocean",7,type
cape,3,type
Cape,2,type
carbonate mound,17,type
carbonate platform,165,type
Carbonate Platform,1,type
Caribbean Sea,1,name
Carnic Alps,2,name
Caroline Ridge.,1,name
Catalina Schist,1,geologic unit
Catchment,75,type
cave,768,
Cave,28,
Cave drip water,2,
Cayman Trough-North Wall.,1,
center top of Xauen Bank,1,
central 8fm depression on top of Xauen Bank,2,
Central Arabian Rift Flank,6,
Central Basin Fault N. Scarp.,1,
Central Basin Fault; Phillipine Ridge.,1,
Central Depression,88,
Central Pacific E. of Society Is.,1,
Central Pacific Ocean,67,
Central S. China Basin.,1,
central volcano of broad segment,1,
"Cephealonia Escarp. S. of Ceplealonia, E Mediter.",1,
Changbaishan,1,
channel,51,
Channel,58,
"channel, river or stream",197,
"Channel, River or Stream",6,
Chile Shelf off of Boca Del Guafo.,1,
Chitina Glacier Terminus--Till,1,
cinder cone,1,
Cinder cone,140,
Cinder Cone,15,
cinder cone flank,4,
city,11,
City/Town,39,
cliff,40,
Cliff,2,
cliff of volcanic ridge in axial deep (reflective sidescan zone),24,
Coast,58,
coastal basement promontory,7,
Coastal basin,41,
Coastal cliff,12,
Coastal Cordillera,11,
Coastal Escarpment,3,
coastal hill,2,
coastal mountain,7,
coastal plain,16,
Coastal plain,140,
coastal plain paleoshoreline,11,
coastal promontory,8,
Coastal/barrier Pond,5,
Coiba Ridge.,1,
Collisional orogen,60,
Columbia Seamount,1,
Columbia Seamount Chain.,2,
Columbia Seamount.,1,
Columnar basalt,3,
Cont. margin trench,29,
CONTINENT,1435,
Continental,51,
Continental Flood Basalt Province,191,
continental margin,997,
Continental Margin,27,
Continental margins,7,
Continental rift,424,
Continental Rift,50,
Continental rise,153,
Continental Rise off Chile coast.,1,
Continental Rise off Chile coast. Off Golfo De Penas.,1,
Continental Rise off Palmer Archipelago.,1,
continental shelf,731,
Continental shelf,542,
Continental Shelf,24,
"Continental shelf-Chile, Off Golfo De Penas.",1,
Continental Shelf E. of French Guiana.,1,
Continental shelf N. of Scotland.,2,
Continental Shelf N. of Scotland.,1,
"Continental Shelf off Chui, Uruguay",1,
"Continental Shelf off Chui, Uruguay.",3,
Continental Shelf off Livingston Is. S. Shetlands.,1,
Continental Shelf off Point Deseado.,2,
Continental Shelf; E. Ent. to Magellan Straits.,1,
continental shield,9,
Continental slope,152,
Continental Slope,8,
Continental Slope Brazil.,1,
"Continental Slope off Livingston Is., S. Shetland.",1,
Continental Slope W. of Magellan Strait.,1,
Continental Slope.,1,
Continentall shelf,1,
Coral reef,2,
coral scaffold,10,
Coral Sea.,1,
Cordillera de Domeyko,8,
Cordillera de la Sal,16,
core,2,
Coulee,1,
cove,8,
crater,5,
Crater Rim,1,
craton,10,
creek,17,
Creek bank,904,
Crest of Mid-Indian Ocean Ridge.,1,
Crest of West Rise of Trench off Chile Coast.,1,
crop rotations of winter wheat-soybean/fallow,1,
Cropland,32,
Crozet Basin.,1,
cryonite,3,
Cut bank section,2,
Cut in quarry wall,1,
cutbank,1,
Deep-sea Sediment,25,
delta,25,
Delta,146,
depositional basin,52,
Depositional basin,1,
Depositional Basin,19,
Desert,263,
desert outcrop,10,
dike,14,
Dike,14,
Disappointment Lake,2,
Distal Overwash,3,
ditch,11,
Dome,4,
drainage basin,264,
Drainage basin,178,
Drainage Basin,1543,
Drake Passage E. of Wollaston Is.,1,
Drake Passage W. of S. Shetland Is.,1,
draw into west fork off Sheep Canyon,4,
Drift,18,
Dry River Valley/Valley Skirt ,3,
Duckwater/McClure Section,45,
dune,6,
Dune,6,
Dunes,6,
Dyke,1,
Dyke in Murray Dyke Swarm,2,
E-draining draw,1,
E-W trending escarpment E of Anguilla Is.,1,
E-W trending escarpment E of Antigua Is.,1,
E-W trending escarpment E of Barbados Is.,2,
E-W trending escarpment E of Desirade Is.,3,
E-W trending escarpment N of Anguilla,1,
E-W trending escarpment N of Sombrers Is.,1,
E-W trending escarpment N of the Sombrers Is.,1,
E end of volcanic ridge extending from 69°E,22,
E Equatorial Pacific.,1,
E nose of volcanic ridge in axial valley center,4,
E of Tonga Trench-S. Pacific.,1,
E Pacific Ocean,9,
E slope of 150 m high volcanic ridge,15,
E wall of Rift Valley-Mid Atlantic Ridge.,1,
E wall of Rift Valley.,1,
E. center of E. Pacific Rise.,1,
E. Central Pacific,2,
E. Central Pacific.,1,
E. Entrance to Beagle Channel.,1,
E. Equatorial Pacific.,1,
E. flank of E. Pacific Rise.,1,
E. Flank of Mid Atlantic Ridge.,1,
E. Mariana Basin.,5,
"E. of Sable Is.-S.W. corner of Cabot Strait ""stone fence""",1,
E. of Sable Is. in S.W. corner of Cabot Strait near slope.,1,
"E. of Sable Is. on S.W, Edge of Cabot Strait.",1,
E. of Sable Is. on S.W. side of Cabot Strait Trough.,1,
E. of Virgin Is.,1,
E. Pacific Rise.,1,
E. Sheba Ridge.,1,
E. side of Easter Is rise.,1,
E.Pacific Rise-Mathematician Seamount.,1,
East African Rift System,10,
East Antarctic Ice Sheet,1,
East Antarctica Ice Sheet,1,
east side of Wilde's guyot,1,
east side upper Sheep Canyon,1,
eastern base of hummocky slope of Xauen Bank,1,
Eastern Desert of Egypt,10,
Eastern RTI Romanche FZ,436,
Eastward Bank of Mestriosa,1,
Eastward Bank of Misteriosa,1,
Ebb Tide Delta (Channel),3,
Ebb Tide Distal,3,
Ebb Tide Proximal,3,
Edge of Continental Shelf off Portugal.,1,
Edge of Continental Slope off Portugal.,1,
Effusive Flow,888,
elongate ridge,15,
Emperor Seamounts.,1,
Ent. of Beagle Channel.,1,
"Erimo Seamount, N of Japan Trench",1,
eroded volcanic peak,48,
Escarpment,2,
Escarpment at the base of continental shelf of North Central Hispaniola,1,
Escarpment on the S side of Windward passage,1,
estuary,350,
Evelyn smt. NE of Macdonald on Taukina volcanic line.,1,
Experimental Pine Forest,1,
Falkland Escarment.,1,
Falkland Escarpment.,3,
Falkland Is.,1,
"Faraire, 800m high seamount next to S base of Macdonald smt.",1,
fault,242,
Fault,186,
fault scarp,13,
fault zone,256,
fault zone; mineral deposit area,85,
fault zone; thermal feature,37,
Feature,2660,
Field soil,8,
Fiji Plateau.,1,
fissure between 2 volcanic ridges atop saddle in axis,3,
fjord,1,
Fjord,79,
Flank tephra,5,
Flank tephra ,1,
flank tephra blanket,1,
flat floodplain,6,
Flat plateau,3,
float,2,
Flood basalt,58,
Flood Tide Delta Channel,3,
Flood Tide Delta Flat,3,
Flood Tide Delta Ramp,3,
floodplain,2344,
Floodplain,79,
"floodplain, aquifer",1491,
Florida Escarpment,1,
Focus Site,1303,
FocusSite,35,
Fold-and-thrust belt,105,
Footslope,73,
Forearc,40,
forearc rift,334,
foreland basin,22,
Forest,23,
fracture zone,502,
Fracture zone,196,
Fragmented Exposure,5,
Fram Strait,2,
"from largest of several bodies near Klaza/Cyprus occurrences, undated. Have Kfs Pb data which suggests mK but not great constraint",6,
gabbro dike,3,
"Gabbro that intruded Osq unit, up north gulch. Near DTB17-05",1,
Gannet Rock,1,
Garden soil,1,
Gettysburg Basin,1,
"Gietroz fault, Aiguilles Rouges",1,
"glaciated bedrock on shoulder of low hill, now blasted to form roadcut on southwest side of Green Needle Lane",1,
glacier,1,
glacio-fluvial channel,27,
glaciolacustrine,5,
Glaciolacustrine layers,1,
glen,8,
Glen,8,
Glen Golly,9,
"Golden Dragon Seamount, W. Pacific.",1,
Gorge,2,
Goss Point,1,
grade south of Wilson Creek,2,
Grand Falls ,5,
Grassland,200,
Greenland Fracture Zone.,1,
Greenland Ice Sheet,263,
Ground,8,
Groundwater,79,
groundwater spring,10,
gulch,2,
gulf,3,
Gulf,108,
Gulf of Aden/ Small Transverse Ridge.,1,
Gulf of Alaska,2,
Gulf of Maine,2,
gully ,12,
guyot,4,
Hanford Brook,12,
Harbor,31,
Hard-wood Pasture,1,
Hardwood Forest,6,
Hawaiian Seamount Province.,1,
headwall of deep basin at end of segment,40,
"Hemler Seamount, S. Flank.",1,
"Herema smt. NNE of Macdonald, on Taukina volcanic line.",1,
Highlands,18,
hill,11,
Hill,2,
Hill of columnar basalt,10,
hill overlooking Sparks Canyon,1,
hill slope,19,
Hills,8,
hillslope,2,
Hillslope,149,
Hillslope near riverside,245,
hilltop,56,
Hog wallow,8,
Hollow,16,
Horse Pond,1,
horst,1,
Horton Guyot.,1,
Hummock,16,
hydrothermal vent,122,
Hyland Xenolith,13,
Hypabyssal Pluton,3,
Ice Sheet,1,
Iceland- Jan Mayen Mid ocean Ridge.,1,
Iceland-Jan Mayen- Mid Ocean ridge.,1,
IceShelf,1398,
ignimbrite,4,
Impact crater ejecta blanket,7773,
impact structure,12,
Inactive vent deposit,20,
Indian Ocean,55,
Inland fresh water lake,37,
Insular rise,153,
Insular Shelf,22,
Insular slope,77,
Insular trench,129,
Inter-Island Tunnel midway between the Deer Island sewage treatment plant on the north and the Nut Island Shaft of the Braintree Weymouth Tunnel on the south.,2,
Intersection of Mar W. Rio Grande fracture zone..,1,
Intra-arc Sedimentary Basin,7,
intracontinental basin,2,
Intrusive-volcanic complex,14,
intrusive dome,1,
Intrusive outcrop,4,
Intrusive Suite,28,
iron fen,3,
island,116,
Island,10399,
Island arc,567,
Island Arc; Oceanic Arc,14,
island flank,7,
Island; Volcano,81,
Japan Trench,24,
"Jaybee Guyot, Eflank of S. portion.",1,
Jenner beach,5,
John Day Fossil Beds,1,
Juan de Fuca Ridge,41,
"Just N. of Clayton Fire station, W. of Kinniknic Crk.",1,
Just off St. Pierre.,1,
Just S. of Cinnibar Creek road,1,
Karst introduction,3,
Kathmandu thrust sheet,5,
kimberlite,58,
Kimberlite,8,
kimberlite-lamproite,18,
Kimberlite-lamproite,7,
knoll,9,
Kunene region,15,
"Kyushu-Palau Ridge, Philippine Sea.",2,
Lac La Croix,2,
lagoon,129,
Laguna Escondidas de Baltinache,1,
Laguna Tebenquiche,1,
lake,7701,
Lake,362,
lake ,1,
lake (deglaciated),33,
lake (proglacial),9,
lake coastal hills,1,
Lake floor,2,
Lake shore,5,
Lakebed,562,
Landslide,11,
Large canyon 290 mi SW of Penisula Valdes.,1,
large lava flow,38,
lava dome,6,
lava field,7,
Lava field,278,
lava flow,7,
Lava flow,10,
Lava Flow,37,
lava flow emanating from S wall of axial rift,17,
Lava flow field,48,
"lava flow front, 200m from hot spring",2,
"lava flow, edge of tumulus",4,
Layered Intrusion,2,
Link Lake Trail,2,
Llano de la Paciencia,1,
loess,5,
Loess,13,
"Louisville Seamount Chain, S.W. Pacific.",1,
Louisville Seamounts,16,
Low Mountainous,5,
Low ridge,1,
Lower Foreshore,3,
lower section of S wall of axial valley,11,
lower section of S wall of rift valley,42,
Lower Shoreface,3,
Lower Terrace,40,
maar,3,
MacCodrum Bk,12,
Madagascar Ridge.,1,
Mafic dike,1,
Magellan Strait off Cape Pillar.,1,
"Magellan Strait off Wodsworth Bay, Desolation Is.",1,
Magellan Straits off Fresh Water Bay,1,
Magellan Straits Paso Tortuaso (Crooked Reach),1,
"Magellan Straits, Second Narrows.",1,
"Magellan Straits, Whiteside Canal.",1,
Magellan Straits. Useless Bay,2,
magmatic province,68,
Main Inlet Channel,3,
main ridge in short segment N of FAMOUS,1,
mainland coastal plain,1,
Major transpressional fault,6,
Makarov guyot,1,
"Make smt, en echelon volcanic ridge N of Macdonald, on Ngatemato line.",1,
Malta Escap. NE - N transect,1,
Malta Escarp. E #2,2,
Malta Escarp. NE-N Transect.,1,
"Malta, E Escarpment E. transect #1",1,
mantle xenolith,20,
Mar axis.,3,
Mar Axis.,1,
Mar.,2,
Margin,567,
Marginal plateau,112,
Marginal sea,157,
Mariana Back-arc,9,
"Marianas Trench, S. of Guam.",1,
Marine terrace,1,
Marine terrace chronosequence,136,
massif,85,
Mata seamount on the Taukina volcanic line at N edge of Australs egion,1,
McKee quarry,6,
Medina Seamount.,1,
Megamullion,494,
Mendicino Escarpment.,1,
"Menorca Canyon S. of Menorca, W. Mediterranean",1,
"Menorca Canyon, S of Menorca, W Mediterranean",1,
"Menorca Canyon, S of Menorca, W Mediterranean.",1,
"Menorca Canyon, S of Menorca, W. Mediterranean",1,
Merriam Crater,2,
Metamorphic aureole,25,
metamorphic terrane,6,
Metamorphic terrane,17,
Metamorphic Terrane,8,
methane seep,2,
Mid-Atlantic Ridge,28,
Mid-Atlantic Ridge Crest at 25° N.,1,
Mid-ocean canyon,115,
mid-ocean ridge,5648,
mid-ocean Ridge,438,
Mid-ocean ridge,79,
mid-section of N rift valley wall at intersection w/”seamount”,27,
mid-section of N wall of axial deep,18,
mid-section of N wall of axial rift <3900 m,17,
mid-section of N wall of rift valley ,21,
mid-section of S rift valley wall,68,
mid-section of S wall of rift valley,116,
Mid Atlantic Ridge off St. Helena ~2 mi.,1,
Mid. Drake Passage.,1,
middle of cone,1,
Middle part of inner wall of Massau Trench.,1,
Middle Shoreface,3,
MidOceanRidge,666,
midslope,34,
Midslope,16,
Mine,71271,
mineral deposit area,562,
Mineral deposit area,3,
Mineral Prospect (Au),4,
Mining District,15473,
Miogeocline,22,
Mixed oak forest,9,
Mohn's Ridge.,1,
monogenetic cone,9,
monogenetic volcano,9,
moraine,106,
Moraine,7,
Most Flat Top Mountains on Earth,1,
Mound,24,
Mount Hamilton,1,
mountain,791,
Mountain,6837,
mountain [ENVO:00000081]; stream [ENVO:00000023]; watershed [ENVO:00000292],269,
mountain [ENVO:00000081]; surface water [ENVO:00002042]; watershed [ENVO:00000292],66,
mountain [ENVO:00000081]; well [ENVO:00000026]; watershed [ENVO:00000292]; groundwater [ENVO:01001004],286,
mountain pass,16,
mountain range,792,
Mountain range,2082,
Mountain Range,285,
mountain summit,4,
Mountain Summit,27,
Mountainous region,76,
Mountains,20,
Mouth of Beagle Channel.,1,
Mt. Pleasant caldera,2,
Mud mound,1,
Murray Dyke in the peripheral of Murray Dyke Swarm,1,
N edge of axial deep,95,
N end of axial volcanic ridge,34,
N face of large volcano along S wall of axial valley,41,
N flank of axial volcanic ridge,9,
N nose of axial volcanic ridge in center of rift valley,11,
N of Clarion Fracture Zone,1,
N of Nares Abyssal Plain.,1,
"N of Salmon River, ~500m NE of Confluence w/ E. Fork of Salmon",1,
N Pacific Ocean,20,
N part of Clarion Fracture Zone.,1,
N rift valley wall S of midpoint of magmatic center,22,
N side of axial volcanic ridge east of mid-point,18,
N wall of axial deep,199,
N wall of axial valley,3,
N wall of Cayman Trench S side of Misteriosa Bank,3,
N wall of Cayman Trough S of Central Cuba,1,
N wall of Puerto Rico trench S of Navidad shoal,1,
N wall of Puerto Rico trench SE of Navidad shoal,1,
N wall of rift near axial offset,81,
N wall of rift valley,128,
N wall of rift valley ,44,
N wall Puerto Rico Trench SE of Navidad shoal,1,
"N. African Continental Margin off Mazagan, Moracco.",1,
N. African Continental Margin off Moracco.,2,
N. Agulhas Plateau.,1,
N. American Basin.,1,
N. Cocos Is.,1,
N. flank Aleutien Trench-between Komandorski and Attu Is.,1,
N. of Kane Fracture Zone.,1,
"N. of Kaui, Hawaii.",1,
N. of Nares Abyssal Plain.,1,
N. of Puerto Rico trench.,1,
N. of the Nares Abyssal Plain.,7,
N. of the upper portion of Cash Creek.,1,
N. Pacific-Murray Seascarp Region.,1,
N. Pacific - S. of the Aleutians,1,
N. Pacific ~ 300 miles N.E. of Hawaii,1,
N. Pacific Basin.,1,
N. Pacific.,1,
N. side of E. Sheba Ridge.,1,
N. side of Java Trench- S.E. of Sumatra.,1,
N. side of Salmon River along HWY 75 near bridge.,1,
N. wall Cayman Trench,3,
N. wall Caymen Trench,1,
N. wall of Puerto Rico Trench.,1,
N. wall of St. Paul's F.Z.,1,
N. wall of the Vema Fracture Zone.,1,
N. wall Puerto Rico Trench.,1,
N.Central Pacific Ocean,7,
N.E Pacific Basin.,2,
N.E. of Domino Pt. Newfoundland.,1,
N.E. of Sable Is.,1,
N.E. Pacific- S. slope of Explorer Seamount.,1,
N.E. Pacific Basin.,1,
NA,10,
natural spring,48,
Natural spring,18,
NE-SW Canyon in Argentine Basin.,2,
NE base of slope Xauen Bank,1,
NE of Cozumel Is.,1,
NE of shallowest point on axial volcanic ridge,5,
"NE of swan Is., Southern Cayman Trench",1,
NE Pacific Ocean,216,
NE side of hilltop past head of Sparks Canyon,1,
NE slope of saddle in center of rift valley,21,
NE slope of Xauen Bank,1,
Near Bayhorse Lake,1,
"Near Fiji Is., S.E. of Viti Levu.",1,
near head of Sparks Canyon,2,
Near Misteriosa Bank,4,
Near summit,1,
Near Tonga Trench.,1,
Nearshore Bar,3,
Nearshore Trough,3,
"Necker Ridge, Central portion, SE flank.",1,
"Ngaitapana, old seamount 85 km NE of Macdonald.",1,
NNE draw off upper Sheep Canyon,1,
Non-ridgetop,21,
north edge of Xauen Bank,1,
North Pass Caldera,6,
north slope near rim edge Xauen Bank,1,
north slope of fault scarp,1,
north slope of Xauen Bank,2,
North wall of Puerto Rico trench South East of Navidad shoal,1,
North West Pacific Basin-25° E. of Tokyo,1,
North Weymouth Shaft,1,
North Weymouth Shaft ,1,
northern Dome Rock Mtns.,2,
Northern most nose of axial rift segment going over a local volcanic high,7,
Northern of Liuguyan Gulf Submarine canyon.,1,
northern Santa Rita Mtns.,2,
November 2010 cinder/spatter cone,52,
nunatak,210,
NW coastal area of the Nicoya Gulf,1,
"NW dipping ductile shear zone on the northern side of the Badwater turtleback, surface forms a doubly-plunging anticline",22,
NW face of volcanic ridge,12,
NW flank,1,
NW flank of cleft volcanic ridge,27,
NW flank of small volcano,22,
NW interior of Nicoya Peninsula,2,
NW Pacific Ocean,4,
NW rim of Xauen Bank,1,
NW slope of axial volcanic ridge,17,
NW wall near N end of axial deep,22,
oblong ridge along S wall of axial valley,66,
Ocean,25132,
ocean basin,13,
ocean island,78,
ocean island volcano,166,
Ocean Ridge,3,
ocean trench,285,
Oceanic Core Complex,80,
oceanic crust,66,
oceanic island volcano,42,
oceanic plateau,59,
Oceanic plateau,53,
Oceanic Plateau,10,
oceanic spreading center,18,
Off the Is. of Surtsey.,1,
Oil or Gas Field,17132,
oil seep,1,
Okinawa Trough.,2,
"Okupou, a small seamount 35 km NE of Macdonald",1,
Old mine site (Au),6,
Old Shepody Rd,6,
Old volcanic caldera,5,
On-Ridge Tozzet N-Flank,1,
On Rio Grande Ridge.,1,
ophiolite,541,
Ophiolite,145,
ophiolite massif,15,
"Opu seamount, on the Taukina volcanic line at N edge of Australs region.",1,
outcrop,2804,
Outcrop,447,
"Outcrop, base of cliff",4,
"outcrop, reef",39,
Outcrop; Barberton greenstone belt,37,
Outer continental shelf,19,
Outer Edge of Argentine Shelf.,1,
Outer Flank of Mid-Atlantic Ridge S.E.,1,
Outwash,9,
overwash onto Eemian Ironshore ,1,
Overwash onto Eemian Ironshore formation,7,
Owen Fracture zone.,1,
Owen Fracture Zone.,2,
Pacific Ocean,70,
Pacific Ocean N. of Mendicino.,1,
paddy,12,
paleo-shoreline,19,
paleo-subduction zone,9,
paleochannel,14,
paleoestuary,3,
paleolake,102,
Paleolake,64,
Panamint Range/Death Valley,2,
Parece Uela Rift.,1,
Parece Vela Basin.,1,
Paris Ag prospect,2,
Parker Seamount.,1,
Passive Margin,83,
Patterson Hills Road-cut,4,
Patton Seamount Group,1,
Peak Ring,119,
peatland,125,
pegmatite,1,
pelagic clay,187,
Peninsula,752,
Peninsula; Volcano,35,
peninsular coast,1,
Philippine Basin.,1,
Philippine Sea.,1,
physiographic feature,1,
Pine Forest,8,
Pit,24,
plain,69,
Plain,2,
plateau,10,
Plateau,201,
Plateau N. of Scotia Arc.,1,
playa,111,
pluton,7,
Pluton,57,
pluton stock,1,
Plutonic Basement,5,
Pod of spinel peridotite and eclogite,4,
pond,16,
Pond,119,
POND,1,
pore water (proglacial),42,
Porphyry,1,
Porphyry stock,4,
potholed bedrock flood terrace,1,
Prairie,1477,
Primary physiographic feature,1,
Pristine prairie,73,
Proglacial river,26,
Proximal Overwash,3,
Pumice Deposits,97,
pumice tuff between Weiser basaltic andesite flows,1,
quarry,9,
Quarry,15,
Quetico subprovince,1,
Quiddy River,6,
Rampart,9,
Range,6,
Rare-metal granite,17,
Ratcliffe Brook,6,
Rear arc volcano,74,
reef,453,
Reef,747,
reef flat,25,
reef; outcrop,13,
reservoir,57,
Reservoir,20,
Resurgent dome,2971,
Reykjanes Rigde.,1,
Rhyolite Flow,1,
rhyolite flow on top of CRBG basalt flows,1,
ridge,1244,
Ridge,1989,
ridge-transform,42,
Ridge axis Gulf of Aden.,1,
ridge crest,72,
Ridge crest,83,
ridge flank,29,
Ridge flank,363,
"Ridge N. of Daugherty Gulch, S. of Ski Lift",1,
Ridge NE. of Clayton,1,
ridge seamount,38,
ridge/cliff face,33,
RidgeSegment,1119,
ridgetop,91,
Ridgetop,927,
rift,67,
Rift,133,
rift between two lineaments,60,
Rift margin,98,
Rift valley in N.W. Australian Basin.,1,
Rift Valley.,2,
rift zone,56,
Rift Zone,330,
rift zone; volcano;,107,
rift zone; volcano; ,3,
rift zone; volcano; crater,8,
rift zone; volcano; lava field,4,
Ring mountain,4,
Rio Grande Rise,1,
Rio Grande Rise.,4,
riparian zone,16,
Rise of Argentine Shelf.,3,
"rise or ridge, aseismic ocean",242,
"rise, west of Australia",1,
riser W side of flood channel,2,
river,668,
River,1716,
River bank,31,
River catchment,1208,
River outcrop,12,
River silt,12,
River systems,2,
river terrace,259,
River valley,5,
Riverbank,2,
riverbed,1,
Riverbed,1,
riverside,1,
Road,1,
road-cut,14,
road outcrop,154,
Road outcrop,9,
roadcut,49,
Roadcut,55,
roadcut E side Soap Lake,4,
roadcut in bedrock flood terrace,1,
roadcut in draw off west fork off Sheep Canyon,2,
"roadcut, E side of draw draining toward Sagebrush Flat",1,
roadside,12,
rock,18,
Rockall Plateau.,1,
Rocky Mountains (Front Range),4,
Rodriguez Fracture Zone N.E. of Mauritius.,1,
"Rosemary Bank, N. of Rockwall Channel",1,
S extension of volcanic ridge,19,
S face of circular volcano in axial rift,6,
S headwall of cleft between 2 volcanic ridges,11,
S Indian Ocean,271,
S of the Puerto Rico trench N of U.S Virgin Is.,1,
S Pacific Ocean,33,
S side of eastern ridge extending from axial volcano,44,
S slope of small isolated volcanic ridge eastward of axial volcano,74,
S volcanic ridge atop saddle in axis,3,
S wall of axial rift deep,18,
S wall of Cayman trench E of Swan Is.,1,
S wall of Cayman Trench E of Swan Is.,1,
S wall of Puerto Rico Trench N of central P.R.,1,
S wall of Puerto Rico trench N of eastern end of Hispaniola,1,
S wall of Puerto Rico trench N of eastern end of P.R.,1,
S wall of Puerto Rico trench N of the Eastern end of Hispaniola,1,
S wall of Puerto Rico Trench N of U.S Virgin Is.,1,
S wall of Puerto Rico trench NE of Anegada Is.,1,
S wall of Puerto Rico Trench NE of Anegada Is.,1,
"S wall Puerto Rico Trench N of San Juan, Puerto Rico",1,
S. Atlantic Abysall Plain.,1,
S. Atlantic Abyssal Plain 300 m N. of S. Georgia,1,
S. Atlantic Abyssal Plain.,3,
"S. Atlantic, S. of Capetown.",2,
S. flank of Cabot Strait.,1,
S. Flank of St. Paul's FZ,1,
"S. of Challis on HWY 75, First cliffs of quartzite by shrine",1,
S. of Clarion Fracture Zone,1,
S. of Lamont Ridge.,1,
S. of the Clarion Fracture Zone.,1,
S. of the Falkland Is.,1,
S. of the Murray Fracture zone,1,
S. of the Nares Fracture Zone,1,
S. of Walvis Ridge.,1,
"S. Peru, Chile Trench.",1,
S. scarp of Broken Ridge near DSDP site 255.,1,
S. scarp of E Broken Ridge-Old Russian Dredge Site.,1,
S. wall Cayman Trench,5,
S. wall of Cayman Trough.,1,
S.E. Agulhas Plateau.,2,
S.E. Flank of Hemler Guyot.,1,
S.E. Flank of the Cocos Ridge.,1,
S.E. of Hemler Guyot.,1,
S.W Pacific.,1,
S.W portion of S. China Basin.,1,
"S.W. corner of Cabot Strait-""Stone Fence""",1,
"S.W. flank of Eastern East Sheba ridge, Rift valley.",1,
S.W. of Sable Island off Nova Scotia.,1,
"S.W. Pacific, Louisville Seamount Chain.",1,
S.W. Pacific.,1,
S.W. part of the scarp on Broken Ridge.,1,
S.W. Sable Is.,1,
S.W. Slope of Tuamatu Platform.,1,
S.wall of fracture zone.,1,
saddle between axial volcanic ridge and satellite cone,31,
saddle rift of valley,54,
Saint George Batholith,2,
salt marsh -S.patens/Dist,4,
san jacinto mtns,1,
San Rafael Swell,80,
Sanak Island core,1,
Sand dune,1,
Sarmiento Bank SW. of Cape Virgenes.,1,
Satellite vent,9,
Scatarie Island,1,
Scotia Arc N.E. of Falklands.,1,
Scotia Sea E. of Burdwood Bank.,1,
scroll bar,45,
SE Pacific Ocean,378,
SE slope of Xauen Bank,1,
SE wall of axial rift,175,
SE. of the Walvis Ridge.,1,
sea,9008,
Sea,2870,
sea cliff,3,
sea floor,9,
Sea/Gulf,1176,
seafloor outcrop,111,
seamount,4574,
Seamount,1418,
Seamount-Porcupine Abyssal Plain.,1,
seamount ,1,
Seamount [prov.],206,
seamount about 70km east of Azores triple junction,1,
Seamount in Rockall channel.,1,
Seamount in Rockall Channel.,1,
seamount of 33d,1,
Seamount of S wall of Puerto Rico trench N of Mona Passage,1,
seamount or seamount province,124,
Seamount west of the Walvis Ridge.,1,
"seamount
",2,
"Seamount, W Pacific Basin, NE of Iwojima.",1,
Seaward edge of Argentine Continental Shelf off Point Deseado.,1,
Sediment,14,
sedimentary basin,5,
Seven Mile Lake,1,
shear zone,1,
Shear Zone,10,
Shelf off of Nova Scotia-N.E. Sable Is.,1,
shoulder,22,
Side of Siboney Seamount.,1,
Sierra Nevada,1,
sill,2,
Sinkhole,9,
Slope,6,
Slope of Manahiki Plateau-~600 mi ENE of Samoa-S. Pacific.,1,
Slope off shelf W. of Greenland.,1,
"Slope side, Edge of Continental shelf.",1,
small circular cone at end of volcanic ridge in axial deep,16,
"small circular cone in center of rift valley, at mid-point between 2 segments w/volcanic highs",11,
small cone at W end of axial volcanic ridge,3,
Small cone S. of Big One.,1,
Small guyot N.W. of Hemler Guyot.,1,
small mound,9,
Small ocean basin,402,
small ridge S of main axial volcanic ridge,20,
small volcanic cone in axial deep,11,
small volcanic cone in rift valley,4,
small volcanic feature,26,
small volcanic feature in rift valley,8,
Small volcanic island,2,
small volcano in axial valley,27,
Society Is.,2,
Somerset St,6,
"Soral Trough, Caroline Sea.",1,
"Sorol Trough, Caroline Sea.",2,
South China block strata,1,
South of Little Bayhorse Lake,1,
South Pacific Gyre,32,
"Southeast India Ridge, Discordant Zone.",1,
"Southeast India Ridge, West of discordant zone.",2,
Southeast India Ridge.,4,
southern hummocky slope of Xauen Bank,1,
Sparks Canyon,2,
spine of ridge at south end of AMAR segment,1,
spreading center,890,
Spreading Center,1207,
Spreading center ridge axis,115,
Spreading_Center,194,
SpreadingCenter,384,
spring,1,
Sproul Crater,4,
Steep NE-SW trending escarpment on S wall of Cayman Trench,1,
"Steep SE, NW trending escarpment E of Navidad",1,
"Steep slope (>50 degrees) on southern edge of Nautilus Basin around 3750m, >30 degree slope above 3600 to 3550 m",13,
Strabeg,16,
straits of Belle Isle.,1,
Straits of Magellan off Cape Providence.,1,
Stratocone flank,1,
stream,3766,
Stream,532,
stream (deglaciated),252,
stream (proglacial),96,
stream bank,8,
stream bed,38,
Stream channel,2,
stream margin,6,
Stream Terrace,13,
streambed,4,
subduction zone,74,
"Subduction zone, Aleutian islands",26,
SubductionZone,218,
Subdued rolling hills of sediments,2,
submarine arc,62,
submarine canyon,333,
Submarine canyon,16,
"Submarine canyon, Liuguyan Gulf, Luzon.",1,
submarine lava,6,
Submarine lava,5,
Submarine lava field,9,
submarine volcano,3220,
Submarine volcano,27,
Subsurface platform carbonate (core),3,
subvolcanic material,2,
Subwatershed ,599,
Sulfide mound,23,
summit area of volcanic ridge (magnetic high)  in center of rift valley ,44,
summit cone on large split volcano in rift,1,
summit region of large off-axis volcanic feature,19,
supracrustal belt,59,
Supraglacial ice,2,
Supraglacial pond,2,
Supraglacial stream,1,
Surat Basin,121,
Surface sand deposit,8,
suture zone,12,
"SW flank of volcanic ridge in axial valley, site of 199 seismic event",17,
SW flank Xauen Bank,2,
SW Nicoya Peninsula coast,2,
SW rim of Xauen Bank,1,
SW slope of  SE volcanic ridge,21,
swamp,1,
Sydney Basin,2,
Tagus Canyon.,1,
Tap water,1,
Tapped spring,8,
Tehuantapec Ridge.,1,
Tephra blanket,1,
terrace,128,
Terrace,47,
terrace on seamount,1,
"terrestrial, undifferentiated",40,
thermal feature,6,
thin ash in Tertiary sediment,1,
"Thin sliver of gneissose quartzite in cirque north of trailhead, East Fork Wood River",1,
Three Kings Rise.,2,
Thrust belt,8,
Tibetan Plateau,66,
tidal marsh,55,
tile drain,57,
Till,1,
"Tipi seamount, north of Marotiri.",1,
"Tofino Bank SW rim, steep slope",1,
Tonga Trench-S. Pacific E. wall.,1,
"Tonga Trench-S. Pacific, Steep E. wall",1,
Tonga Trench-S.Pacific,1,
top of cinder cone,1,
top of NW wall of rift valley ,49,
top of Princess Cecile Seamount,1,
"Top of Quartzite cliff, above Garden Crk.",1,
top of seamount,1,
top of slop of volcano on S wall of axial rift,105,
Top of volcanic section,6,
top of Wilde's guyot,1,
top of Xauen Bank,2,
Town,1,
Trail,14,
Transform Fault,240,
Trench,157,
Triple Junction,2,
tundra,123,
Type of phyiscal feature that your sample was collected from.,3,
uncharted ridge,1,
Unconcolidated Alluvial Aquifer,474,
underground coal mine,2,
Underlying Sediment,8,
unspecified,30,
Unspecified,155,
"up and along 200m high ridge in center of rift valley, along strike of northern FZ volcano",1,
"Up Garden Crk, W. of switch backs, near cattle guard",1,
Up North Gulch on E. facing slope,1,
upland,40,
Upland,30,
uplands,6,
Upper Chitina River,3,
upper cliffs of ridge in axial rift,22,
Upper continental slope,16,
Upper Foreshore,3,
Upper part of inner wall Mussau Trench,1,
upper section of S wall of axial valley,105,
upper section of S wall of rift valley,40,
Upper Shoreface,3,
Upper slope and ridge,64,
"Upper slope, W side of Kerguelen Plateau.",1,
Upper Slopes of Continental Margin off Antarctica.,1,
Upper Terrace,10,
Urban,10,
Uruguayan Continental Rise.,1,
v small mesa,1,
valley,86,
Valley,17,
valley floor,45,
Vein,3,
Vent,3058,
VentCluster,12,
Ventfield,35,
VentField,1697,
Virginia Horn,4,
volcanic arc,214,
Volcanic Arc,56,
VOLCANIC ARC,124,
Volcanic center,6,
volcanic cone,395,
volcanic cone on w side of large axial volcano,96,
volcanic crater,6,
Volcanic dyke,31,
volcanic fissure,1,
Volcanic flow,6,
Volcanic island,132,
Volcanic Island,11,
volcanic neck,196,
volcanic pipe,92,
volcanic ridge,34,
volcanic ridge in center of axial valley,19,
Volcanic Saddle,14,
volcanic seamount,62,
Volcanic Seamount,10,
volcano,13451,
Volcano,27877,
VOLCANO,142,
Volcano-bounded basin,218,
volcano (cinder cone),7,
Volcano (Cinder Cone),5,
Volcano slope,1,
volcano; ocean island; outcrop,340,
Volcano; volcanic flow,19,
W end of axial volcanic ridge,8,
W flank of center of axial volcanic ridge,4,
W fork off Sheep Canyon,4,
W Pacific Ocean,46,
W side of draw into west fork off Sheep Canyon,1,
W side of volcanic ridge in axial deep,67,
W slope of volcanic ridge in center of rift valley,21,
W wall of rift valley,1,
W. half Parece Uela Rift.,1,
W. Mariana Ridge.,1,
W. of Burdwood Bank,1,
W. of Parece Uela Rift.,3,
"W. Pacific, near Marshall Is.",1,
"W. Pacific, Near Marshall Is.",1,
W. side of Ayu Trough.,1,
"W. side of Masearene Basin, E.N.E of Fort Dauphin.",1,
W. side of Squaw Creek Road across from Boundary Creek,1,
W. side Parece Uela Basin.,1,
W. wall of Tonga Trench-S. Pacific.,1,
Wadi,52,
wall 2 miles N of small constructional (?) feature on N side of axial valley,24,
Walvis Ridge Crest.,2,
Walvis Ridge.,1,
water-dependant area,1,
water-dependent area,20,
Water capture Chamber,2,
Watersehd,43,
watershed,161,
Watershed,2403,
Well,3,
West flank Gagua Ridge.,1,
West flank of Gagua Ridge.,1,
west fork off Sheep Canyon,1,
west of Subic Bay Luzon P.I.,1,
west side of 12d seamount,2,
west side of a seamount,1,
west side of draw,1,
"West slope of Marotiri, target appears to be landslide deposit.",1,
Western Equatorial Pacific.,1,
Western Highlands,11,
Western Nicoya Peninsula,15,
Western Nicoya Peninsula coast,12,
wetland,902,
Wetland,778,
Wharton Basin.,3,
Wharton fossil ridge,38,
Wheatley Deep (west side).,1,
Wheatley Deep.,2,
"White coarse grained to medium locally pebbly quartzitic sandstone ,isoclinally folded, med bedded, N on trail on E end of buttress, interbedded banded schist with fine grained vitreous quartzite, cross bedded intervals. ",1,
"winnow dip slope, fines off surface",1,
Xauen Bank center,1,
Xauen Bank slope of small canyon,1,
xenolith,1,
Xenolith bearing lava flows,17,
XXXXX,2,
Yuba river valley,1,
NULL,4809853,
