cruise_field_prgrm,normalized,start,END,platform_name,notes
AT150,ATL-150,12/31/1946 22:00,9/10/1947 21:00,Atlantis,
AT152,ATL-152,8/11/1948 21:00,9/12/1948 21:00,Atlantis,
AT153,ATL-153,10/17/1948 22:00,12/5/1948 22:00,Atlantis,
AT156,ATL-156,12/31/1948 22:00,12/31/1948 22:00,Atlantis,
AT157,ATL-157,7/31/1949 21:00,9/10/1949 21:00,Atlantis,
AT158,ATL-158,9/21/1949 21:00,9/29/1949 22:00,Atlantis,
AT159,ATL-159,12/19/1949 22:00,12/19/1949 22:00,Atlantis,
AT161,ATL-161,12/31/1949 22:00,12/31/1949 22:00,Atlantis,
AT160,ATL-160,1/19/1950 22:00,4/2/1950 22:00,Atlantis,
AT162,ATL-162,5/11/1950 21:00,5/17/1950 21:00,Atlantis,
AT164,ATL-164,7/8/1950 21:00,9/20/1950 21:00,Atlantis,
AT172,ATL-172,12/31/1950 22:00,6/4/1951 21:00,Atlantis,
AT173,ATL-173,12/31/1950 22:00,12/31/1950 22:00,Atlantis,
AT167,ATL-167,1/5/1951 22:00,1/21/1951 22:00,Atlantis,
AT179,ATL-179,4/20/1952 22:00,5/26/1952 21:00,Atlantis,
AT180,ATL-180,7/23/1952 21:00,10/2/1952 22:00,Atlantis,
AT181,ATL-181,10/17/1952 22:00,12/3/1952 22:00,Atlantis,
AT185,ATL-185,4/28/1953 21:00,6/8/1953 21:00,Atlantis,
ATL240,ATL-240,11/1/1957 22:00,11/8/1957 22:00,Atlantis,
ATL246,ATL-246,11/1/1958 22:00,11/20/1958 22:00,Atlantis,
ATL251,ATL-251,11/8/1959 22:00,11/29/1959 22:00,Atlantis,
ATL254,ATL-254,2/14/1960 22:00,2/22/1960 22:00,Atlantis,
ATL260,ATL-260,10/11/1960 21:00,10/19/1960 21:00,Atlantis,
ATL266,ATL-266,6/24/1961 21:00,7/22/1961 21:00,Atlantis,
ATL280,ATL-280,6/15/1962 21:00,6/20/1962 21:00,Atlantis,
ATL281,ATL-281,6/27/1962 21:00,6/29/1962 21:00,Atlantis,
ATL282,ATL-282,7/10/1962 21:00,8/6/1962 21:00,Atlantis,
A1-1,ATII-001-01,2/24/1963 22:00,3/27/1963 22:00,Atlantis II,
ATL296,ATL-296,8/4/1963 21:00,8/10/1963 21:00,Atlantis,
ATL297,ATL-297,8/17/1963 21:00,8/23/1963 21:00,Atlantis,
AT03-10,ATII-003-10,1/1/1964,NULL,Atlantis,
A11-2,ATII-011-02,7/4/1964 21:00,7/11/1964 21:00,Atlantis II,
Atlantis II 13 stn429 700m,ATII-013 stn429,9/16/1964 21:00,9/16/1964 21:00,Atlantis II,
A13-1,ATII-013-01,9/18/1964 21:00,9/25/1964 21:00,Atlantis II,
A15-3,ATII-015-03,2/12/1965 22:00,2/18/1965 22:00,Atlantis II,
A15-4,ATII-015-04,2/22/1965 22:00,3/20/1965 22:00,Atlantis II,
A15-5,ATII-015-05,3/20/1965 22:00,4/6/1965 22:00,Atlantis II,
A15-6,ATII-015-06,4/14/1965 22:00,4/14/1965 22:00,Atlantis II,
A15-7,ATII-015-07,5/4/1965 21:00,5/5/1965 21:00,Atlantis II,
A15-13,ATII-015-13,6/10/1965 21:00,6/15/1965 21:00,Atlantis II,
A15-14,ATII-015-14,6/15/1965 21:00,6/19/1965 21:00,Atlantis II,
A15-15,ATII-015-15,6/27/1965 21:00,7/10/1965 21:00,Atlantis II,
A20-1,ATII-020-01,2/15/1966 22:00,5/1/1966 21:00,Atlantis II,
A20-2,ATII-020-02,3/7/1966 22:00,3/24/1966 22:00,Atlantis II,
A20-3,ATII-020-03,4/18/1966 22:00,4/21/1966 22:00,Atlantis II,
A31-1,ATII-031-01,4/8/1967 22:00,4/28/1967 22:00,Atlantis II,
"Atlantis II, Cruise 32 (AII32)",ATII-032,5/14/1967 10:00,5/14/1967 10:00,Atlantis II,adjust so is after ATII-031
A32-1,ATII-032-01,6/5/1967 22:00,6/12/1967 22:00,Atlantis II,
A32-2,ATII-032-02,6/12/1967 22:00,6/16/1967 22:00,Atlantis II,
A32-3,ATII-032-03,7/1/1967 22:00,7/18/1967 22:00,Atlantis II,
A032-03,ATII-032-03,7/1/1967 22:00,NULL,Atlantis II,guess date based on other nearby
A33-1,ATII-033-01,7/27/1967 22:00,7/27/1967 22:00,Atlantis II,
A42-5,ATII-042-05,6/9/1968 21:00,6/10/1968 21:00,Atlantis II,
A42-1,ATII-042-01,6/28/1968 21:00,7/23/1968 21:00,Atlantis II,
A49-3,ATII-049-03,3/20/1969 22:00,5/20/1969 21:00,Atlantis II,
A49-4,ATII-049-04,4/13/1969 22:00,4/29/1969 21:00,Atlantis II,
Atlantis II 49 stn1492 3000m,ATII-049 stn1492,6/17/1969 21:00,6/17/1969 21:00,Atlantis II,
Atlantis II cruise 49 Stn 1495 ,ATII-049 stn1495,7/3/1969 21:00,7/3/1969 21:00,Atlantis II,
A54-2,ATII-054-02,11/1/1969 22:00,11/29/1969 22:00,Atlantis II,
Atlantis II 56 stn1714 500m,ATII-056 stn1714,4/25/1970 22:00,4/25/1970 22:00,Atlantis II,
A59-8,ATII-059-08,12/3/1970 22:00,12/6/1970 22:00,Atlantis II,
A60-2,ATII-060-02,2/15/1971 22:00,3/2/1971 22:00,Atlantis II,
A60-6,ATII-060-06,6/23/1971 21:00,6/26/1971 21:00,Atlantis II,
A60-8,ATII-060-08,8/3/1971 21:00,8/13/1971 21:00,Atlantis II,
A72-1,ATII-072-01,10/20/1972 21:00,11/3/1972 22:00,Atlantis II,
A73-1,ATII-073-01,11/23/1972 22:00,12/8/1972 22:00,Atlantis II,
A073-01,ATII-073-01,11/23/1972 22:00,NULL,Atlantis II,guess date based on other nearby
A77-2,ATII-077-02,8/10/1973 21:00,8/27/1973 21:00,Atlantis II,
Atlantis II cruise 78 Stn 1919,ATII-078 stn1919,9/9/1973 5:00,9/9/1973 5:00,Atlantis II,
Atlantis II cruise 78 Stn 1928,ATII-078 stn1928,9/14/1973 5:00,9/14/1973 5:00,Atlantis II,
Atlantis II cruise 78 Stn 1954,ATII-078 stn1954,9/27/1973 9:00,9/27/1973 9:00,Atlantis II,
Atlantis II cruise 78 Stn 1953,ATII-078 stn1953,9/27/1973 21:00,9/27/1973 21:00,Atlantis II,
Atlantis II cruise 78 Stn 1958,ATII-078 stn1958,10/5/1973 21:00,10/5/1973 21:00,Atlantis II,
Atlantis II cruise 78 Stn 1970,ATII-078 stn1970,10/11/1973 21:00,10/11/1973 21:00,Atlantis II,
Atlantis II 78 stn1974 300m,ATII-078 stn1974,10/13/1973 21:00,10/13/1973 21:00,Atlantis II,
Atlantis II cruise 78 station 1999,ATII-078 stn1999,10/13/1973 22:00,NULL,Atlantis II,guess date based on other nearby
A78-2,ATII-078-02,10/14/1973 21:00,10/24/1973 21:00,Atlantis II,
A85-1,ATII-085-01,8/27/1974 21:00,9/9/1974 21:00,Atlantis II,
AII 85 stnQCW 0m,ATII-085 stnQCW,9/4/1974 21:00,9/4/1974 21:00,Atlantis II,
A85-2,ATII-085-02,9/19/1974 21:00,9/20/1974 21:00,Atlantis II,
Atlantis II cruise 86 Stn 2171,ATII-086 stn2171,1/16/1975 22:00,1/16/1975 22:00,Atlantis II,
A86-3,ATII-086-03,3/13/1975 21:00,3/18/1975 21:00,Atlantis II,
A92-1,ATII-092-01,9/3/1975 21:00,9/9/1975 21:00,Atlantis II,
A92-2,ATII-092-02,9/24/1975 21:00,10/5/1975 21:00,Atlantis II,
A93-2,ATII-093-02,11/27/1975 22:00,12/13/1975 22:00,Atlantis II,
A93-6,ATII-093-06,3/16/1976 22:00,3/29/1976 22:00,Atlantis II,
A93-7,ATII-093-07,4/9/1976 22:00,5/1/1976 21:00,Atlantis II,
A93-12,ATII-093-12,9/4/1976 21:00,9/22/1976 21:00,Atlantis II,
A93-13,ATII-093-13,10/13/1976 21:00,10/13/1976 21:00,Atlantis II,
A93-14,ATII-093-14,11/2/1976 22:00,11/19/1976 22:00,Atlantis II,
A93-18,ATII-093-18,3/2/1977 22:00,3/19/1977 22:00,Atlantis II,
A93-19,ATII-093-19,3/31/1977 22:00,4/12/1977 22:00,Atlantis II,
Atlantis II 93 stn7 2500m,ATII-093-stn007,4/24/1977 21:00,4/24/1977 21:00,Atlantis II,
A94-1,ATII-094-01,6/15/1977 21:00,7/10/1977 21:00,Atlantis II,
A94-2,ATII-094-02,7/16/1977 21:00,7/24/1977 21:00,Atlantis II,
A96-1,ATII-096-01,9/20/1977 21:00,9/20/1977 21:00,Atlantis II,
A96-3,ATII-096-03,11/6/1977 22:00,11/23/1977 22:00,Atlantis II,
A97-2,ATII-097-02,2/11/1978 22:00,2/19/1978 22:00,Atlantis II,
ATII-107-8,ATII-107-08,5/22/1979 21:00,6/17/1979 21:00,Atlantis II,
A107-6,ATII-107-06,3/8/1980 22:00,4/1/1980 22:00,Atlantis II,
A107-7,ATII-107-07,4/21/1980 22:00,5/8/1980 21:00,Atlantis II,
A2-107-7,ATII-107-07,4/21/1980 22:00,5/8/1980 21:00,Atlantis II,
A107-9,ATII-107-09,6/27/1980 21:00,7/18/1980 21:00,Atlantis II,
A108-1,ATII-108-01,2/26/1981 22:00,4/22/1981 22:00,Atlantis II,
A108-4,ATII-108-04,4/23/1981 22:00,5/4/1981 21:00,Atlantis II,
A108-5,ATII-108-05,5/22/1981 21:00,5/26/1981 21:00,Atlantis II,
ATII-112,ATII-112,2/6/1984 22:00,2/12/1984 22:00,Atlantis II,
NULL,,7/10/1988 21:00,11/2/1995 10:00,Atlantis II,
ATII-120-02,ATII-120-02,8/23/1989 21:00,8/29/1989 21:00,Atlantis II,
ATII120-02,ATII-120-02,8/25/1989 21:00,8/27/1989 21:00,Atlantis II,
A123-2,ATII-123-02,11/1/1989 22:00,11/20/1989 22:00,Atlantis II,
AT124,ATII-124,12/6/1989 22:00,12/18/1989 22:00,Atlantis,
A125-8,ATII-125-08,6/22/1990 21:00,7/3/1990 21:00,Atlantis II,
A125-9,ATII-125-09,7/10/1990 21:00,7/10/1990 21:00,Atlantis II,
ATII127,ATII-127,9/5/1992 21:00,10/5/1992 21:00,Atlantis II,
ATII-127,ATII-127,9/8/1992 21:00,9/13/1992 21:00,Atlantis II - Alvin,
ATII129,ATII-129,5/26/1993 21:00,5/26/1993 21:00,Atlantis II,
AT11-07,AT-011-07,2/1/2004 17:00,2/19/2004 10:24,Atlantis,
AT11-09,AT-011-09,3/19/2004 20:27,3/29/2004 22:00,Atlantis,
AT11-10,AT-011-10,4/9/2004 21:00,4/24/2004 21:00,Atlantis,
AT11-20,AT-011-20,11/11/2004 10:37,11/23/2004 17:00,Atlantis,
AT11-24,AT-011-24,3/21/2005 12:10,3/28/2005 13:09,Atlantis,
AT11-26,AT-011-26,4/24/2005 17:00,5/11/2005 12:22,Atlantis,
AT15-55,AT-015-55,11/9/2005 12:21,11/16/2005 18:11,Atlantis,
AT15-06,AT-015-06,6/26/2006 9:08,7/1/2006 17:37,Atlantis,
AT15-67,AT-015-67,7/8/2006 11:30,7/19/2010 13:54,Atlantis,
AT15-09,AT-015-09,8/26/2006 10:42,9/10/2006 12:18,Atlantis,
15-9,AT-015-09,8/28/2006 21:00,9/9/2006 21:00,Atlantis,
AT15-12,AT-015-12,10/29/2006 22:00,11/14/2006 22:00,Atlantis,
AT15-13,AT-015-13,11/24/2006 11:24,12/4/2006 15:30,Atlantis,
AT15-14,AT-015-14,12/13/2006 15:04,1/1/2007 22:00,Atlantis,
AT15-15,AT-015-15,1/13/2007 11:13,2/3/2007 13:14,Atlantis,
AT15-16,AT-015-16,2/17/2007 10:54,3/11/2007 20:40,Atlantis,
AT15-17,AT-015-17,3/29/2007 21:35,4/20/2007 14:35,Atlantis,
AT15-21,AT-015-21,8/8/2007 21:00,8/15/2007 21:00,Atlantis,
AT15-22,AT-015-22,8/16/2007 21:00,8/16/2007 21:00,Atlantis,
AT15-23,AT-015-23,8/16/2007 21:00,8/16/2007 21:00,Atlantis,
AT15-24,AT-015-24,8/16/2007 21:00,8/16/2007 21:00,Atlantis,
AT15-26,AT-015-26,11/16/2007 22:00,11/29/2007 22:00,Atlantis,
AT15-27,AT-015-27,12/9/2007 17:00,12/20/2007 10:22,Atlantis,
AT15-28,AT-015-28,12/30/2007 9:24,1/13/2008 12:04,Atlantis,
AT15-32,AT-015-32,6/6/2008 12:32,6/13/2008 14:07,Atlantis,
AT15-34,AT-015-34,7/5/2008 12:07,7/19/2008 15:39,Atlantis,
AT15-36,AT-015-36,8/19/2008 18:00,9/5/2008 19:35,Atlantis,
AT15-38,AT-015-38,10/27/2008 12:36,11/3/2008 17:15,Atlantis,
AT15-47,AT-015-47,6/14/2009 9:50,6/26/2009 14:04,Atlantis,
AT15-51,AT-015-51,8/22/2009 11:57,9/2/2009 18:32,Atlantis,
AT18-08,AT-018-08,7/27/2011 21:00,7/30/2011 21:00,Atlantis,
AT26-04,AT-026-04,12/4/2013 17:00,12/22/2013 22:00,Atlantis II,
AT26-19,AT-026-19,8/28/2014 17:00,9/9/2014 21:00,Atlantis,
107-7,ATII-107-07,NULL,NULL,Atlantis II,
A150,A150,NULL,NULL,Atlantis,can't tell what this is supposd to be
"Atlantis II, Cruise 24 (AII12)",ATII-024,NULL,NULL,Atlantis II,can't find dates for this cruise; samples registered by smithsonian in 2024
