ID,label,Description,begin_date,end_date,initiative_uri,Initiative_type_id
1,41,"there are 15 samples with this cruise name; 7 are from a lake in Montana, rest are from Galapagos spreading center. Need",,,,
2,01/01/04n/r,"3 samples, small craft, lake and terrestrial",,,,
3,15-9,,,,,
4,2004 MARGINS,,,,,
5,2012 Field Campaign,,,,,
6,40th Parallel Survey,,,,,
7,74-3,,,,,
8,7TOW04WT,,,,,
9,7TOW05WT,,,,,
10,7TOW06WT,,,,,
11,86-04,,,,,
12,8803-B,,,,,
13,A150,can't tell what this is supposd to be,,,,
14,ABP0002,,,,,
15,ABP1985,,,,,
16,AC97,,,,,
17,"AccueilDoc CMIRA A, Fuchs28/01/14",,2014-01-28,,,
18,ACE,,,,,
19,ADDAL10/12/13,,2013-12-10,,,
20,AG32,,,,,
21,AGH,,,,,
22,AK15,,,,,
23,AKAD09,,,,,
24,AKAD11,,,,,
25,AKW,,,,,
26,AL18-4,,,,,
27,AL4,,,,,
28,ALAR02RR,,,,,
29,ALB43,,,,,
30,ALCY01MV,,,,,
31,Alvin:0338,,,,,
32,Alvin:0340,,,,,
33,Alvin:0342,,,,,
34,Alvin:0349,,,,,
35,Alvin:0371,,,,,
36,Alvin:0374,,,,,
37,Alvin:0410,,,,,
38,Alvin:0415,,,,,
39,Alvin:0419,,,,,
40,Alvin:0421,,,,,
41,Alvin:0423,,,,,
42,Alvin:0427,,,,,
43,Alvin:0429,,,,,
44,Alvin:0430,,,,,
45,Alvin:0431,,,,,
46,Alvin:0445,,,,,
47,Alvin:0447,,,,,
48,Alvin:0500,,,,,
49,Alvin:0502,,,,,
50,Alvin:0503,,,,,
51,Alvin:0504,,,,,
52,Alvin:0518,,,,,
53,Alvin:0519,,,,,
54,Alvin:0520,,,,,
55,Alvin:0521,,,,,
56,Alvin:0522,,,,,
57,Alvin:0523,,,,,
58,Alvin:0524,,,,,
59,Alvin:0525,,,,,
60,Alvin:0526,,,,,
61,Alvin:0527,,,,,
62,Alvin:0528,,,,,
63,Alvin:0529,,,,,
64,Alvin:0530,,,,,
65,Alvin:0532,,,,,
66,Alvin:0533,,,,,
67,Alvin:0534,,,,,
68,Alvin:0537,,,,,
69,Alvin:0538,,,,,
70,Alvin:0539,,,,,
71,Alvin:0540,,,,,
72,Alvin:0541,,,,,
73,Alvin:0542,,,,,
74,Alvin:0543,,,,,
75,Alvin:0611,,,,,
76,Alvin:0612,,,,,
77,Alvin:0613,,,,,
78,Alvin:0614,,,,,
79,Alvin:0615,,,,,
80,Alvin:0616,,,,,
81,Alvin:0617,,,,,
82,Alvin:0619,,,,,
83,Alvin:0620,,,,,
84,Alvin:0621,,,,,
85,Alvin:0622,,,,,
86,Alvin:0623,,,,,
87,Alvin:0624,,,,,
88,Alvin:0625,,,,,
89,Alvin:0660,,,,,
90,Alvin:0721,,,,,
91,Alvin:0725,,,,,
92,Alvin:0729,,,,,
93,Alvin:0731,,,,,
94,Alvin:0734,,,,,
95,Alvin:0737,,,,,
96,Alvin:0738,,,,,
97,Alvin:0739,,,,,
98,Alvin:0740,,,,,
99,Alvin:0741,,,,,
100,Alvin:0742,,,,,
101,Alvin:0765,,,,,
102,Alvin:0766,,,,,
103,Alvin:0767,,,,,
104,Alvin:0786,,,,,
105,Alvin:0787,,,,,
106,Alvin:0789,,,,,
107,Alvin:0808,,,,,
108,Alvin:0809,,,,,
109,Alvin:0810,,,,,
110,Alvin:0811,,,,,
111,Alvin:0818,,,,,
112,Alvin:0819,,,,,
113,Alvin:0820,,,,,
114,Alvin:0821,,,,,
115,Alvin:0822,,,,,
116,Alvin:0823,,,,,
117,Alvin:0824,,,,,
118,Alvin:0825,,,,,
119,Alvin:0826,,,,,
120,Alvin:0827,,,,,
121,Alvin:0828,,,,,
122,Alvin:0829,,,,,
123,Alvin:0830,,,,,
124,Alvin:0831,,,,,
125,Alvin:0832,,,,,
126,Alvin:0889,,,,,
127,Alvin:0890,,,,,
128,Alvin:0891,,,,,
129,Alvin:0892,,,,,
130,Alvin:0893,,,,,
131,Alvin:0895,,,,,
132,Alvin:0978,,,,,
133,Alvin:0979,,,,,
134,Alvin:0980,,,,,
135,Alvin:0981,,,,,
136,Alvin:0982,,,,,
137,Alvin:1008,,,,,
138,Alvin:1010,,,,,
139,Alvin:1011,,,,,
140,Alvin:1012,,,,,
141,Alvin:1013,,,,,
142,Alvin:1014,,,,,
143,Alvin:1015,,,,,
144,Alvin:1054,,,,,
145,Alvin:1055,,,,,
146,Alvin:1056,,,,,
147,Alvin:1057,,,,,
148,Alvin:1058,,,,,
149,Alvin:1059,,,,,
150,Alvin:1060,,,,,
151,Alvin:1061,,,,,
152,Alvin:1062,,,,,
153,Alvin:1063,,,,,
154,Alvin:1148,,,,,
155,Alvin:1149,,,,,
156,Alvin:1150,,,,,
157,Alvin:1152,,,,,
158,Alvin:1154,,,,,
159,Alvin:1155,,,,,
160,Alvin:1156,,,,,
161,Alvin:1157,,,,,
162,Alvin:1158,,,,,
163,Alvin:1159,,,,,
164,Alvin:1240,,,,,
165,Alvin:1242,,,,,
166,Alvin:1243,,,,,
167,Alvin:1244,,,,,
168,Alvin:1245,,,,,
169,Alvin:1246,,,,,
170,Alvin:1247,,,,,
171,Alvin:1569,,,,,
172,Alvin:2168,,,,,
173,Alvin:2169,,,,,
174,Alvin:2172,,,,,
175,Alvin:2173,,,,,
176,Amargosa 1709,,,,,
177,AMPH01AR,,,,,
178,AMPH02AR,,,,,
179,AMPH03AR,,,,,
180,AND001-01A,,,,,
181,AND001-01B,,,,,
182,AND002-02A,,,,,
183,Andesite,,,,,
184,ANDRILL-MIS,,,,,
185,ANDRILL-SMS,,,,,
186,ANR 2008 IPER-RETRO,,2009-02-09,2012-03-01,http://www6.inra.fr/iper_retro,
187,ANR BLANC 2007 PYGMALION,,2006-09-01,2009-06-25,,
188,Antler Cu&Zn 1480,,,,,Mineral Exploration
189,ANTP01MV,,,,,
190,ANTP02MV,,,,,
191,ANTP03MV,,,,,
192,ANTP04MV,,,,,
193,ANTP06MV,,,,,
194,ANTP07MV,,,,,
195,ANTP08MV,,,,,
196,ANTP11MV,,,,,
197,ANTP16MV,,,,,
198,AP,,,,,
199,Apache,,,,,
200,ARCHEO02/07/09,,,,,
201,ARES05WT,,,,,
202,ARES07WT,,,,,
203,ARIES-V,,,,,
204,ARII,,,,,
205,Arnett Creek,,,,,Mineral Exploration
206,Artillery Peak,,,,,Mineral Exploration
207,AS,,,,,
208,AS1,,,,,
209,AS2,,,,,
210,AS3,,,,,
211,AS4,,,,,
212,AS6,,,,,
213,AS7,,,,,
214,ASARCO Globe,,,,,Mineral Exploration
215,Ascaro Project 4,,,,,Mineral Exploration
216,asdfa,,,,,
217,asdfasdf,,,,,
218,AST75-10,,,,,
219,AST75-9,,,,,
220,AST76-7,,,,,
221,AT-003-36,date approximate,1999-01-01,,,
222,AT-007-16,date approximate,2002-01-01,,,
223,AT-011-07,,2004-02-01,2004-02-19,,Research Cruise
224,AT-011-09,,2004-03-19,2004-03-29,,Research Cruise
225,AT-011-10,,2004-04-09,2004-04-24,,Research Cruise
226,AT-011-20,,2004-11-11,2004-11-23,,Research Cruise
227,AT-011-24,,2005-03-21,2005-03-28,,Research Cruise
228,AT-011-26,,2005-04-24,2005-05-11,,Research Cruise
229,AT-015-06,,2006-06-26,2006-07-01,,Research Cruise
230,AT-015-09,,2006-08-26,2006-09-10,,Research Cruise
231,AT-015-12,,2006-10-29,2006-11-14,,Research Cruise
232,AT-015-13,,2006-11-24,2006-12-04,,Research Cruise
233,AT-015-14,,2006-12-13,2007-01-01,,Research Cruise
234,AT-015-15,,2007-01-13,2007-02-03,,Research Cruise
235,AT-015-16,,2007-02-17,2007-03-11,,Research Cruise
236,AT-015-17,,2007-03-29,2007-04-20,,Research Cruise
237,AT-015-21,,2007-08-08,2007-08-15,,Research Cruise
238,AT-015-22,,2007-08-16,2007-08-16,,Research Cruise
239,AT-015-23,,2007-08-16,2007-08-16,,Research Cruise
240,AT-015-24,,2007-08-16,2007-08-16,,Research Cruise
241,AT-015-26,,2007-11-16,2007-11-29,,Research Cruise
242,AT-015-27,,2007-12-09,2007-12-20,,Research Cruise
243,AT-015-28,,2007-12-30,2008-01-13,,Research Cruise
244,AT-015-32,,2008-06-06,2008-06-13,,Research Cruise
245,AT-015-34,,2008-07-05,2008-07-19,,Research Cruise
246,AT-015-36,,2008-08-19,2008-09-05,,Research Cruise
247,AT-015-38,,2008-10-27,2008-11-03,,Research Cruise
248,AT-015-47,,2009-06-14,2009-06-26,,Research Cruise
249,AT-015-51,,2009-08-22,2009-09-02,,Research Cruise
250,AT-015-55,,2005-11-09,2005-11-16,,Research Cruise
251,AT-015-63,,,,,Research Cruise
252,AT-015-67,,2006-07-08,2010-07-19,,Research Cruise
253,AT-018-08,,2011-07-27,2011-07-30,,Research Cruise
254,AT-026-04,,2013-12-04,2013-12-22,,Research Cruise
255,AT-026-19,,2014-08-28,2014-09-09,,Research Cruise
256,ATII-001-01,,1963-02-24,1963-03-27,,
257,ATII-003-10,,1964-01-01,,,Research Cruise
258,ATII-011-02,,1964-07-04,1964-07-11,,
259,ATII-013-01,,1964-09-18,1964-09-25,,
260,ATII-015-03,,1965-02-12,1965-02-18,,
261,ATII-015-04,,1965-02-22,1965-03-20,,
262,ATII-015-05,,1965-03-20,1965-04-06,,
263,ATII-015-06,,1965-04-14,1965-04-14,,
264,ATII-015-07,,1965-05-04,1965-05-05,,
265,ATII-015-13,,1965-06-10,1965-06-15,,
266,ATII-015-14,,1965-06-15,1965-06-19,,
267,ATII-015-15,,1965-06-27,1965-07-10,,
268,ATII-020-01,,1966-02-15,1966-05-01,,
269,ATII-020-02,,1966-03-07,1966-03-24,,
270,ATII-020-03,,1966-04-18,1966-04-21,,
271,ATII-031-01,,1967-04-08,1967-04-28,,
272,ATII-032-01,,1967-06-05,1967-06-12,,
273,ATII-032-02,,1967-06-12,1967-06-16,,
274,ATII-032-03,,1967-07-01,1967-07-18,,
275,ATII-033-01,,1967-07-27,1967-07-27,,
276,ATII-042-01,,1968-06-28,1968-07-23,,
277,ATII-042-05,,1968-06-09,1968-06-10,,
278,ATII-049-03,,1969-03-20,1969-05-20,,
279,ATII-049-04,,1969-04-13,1969-04-29,,
280,ATII-054-02,,1969-11-01,1969-11-29,,
281,ATII-059-08,,1970-12-03,1970-12-06,,
282,ATII-060-02,,1971-02-15,1971-03-02,,
283,ATII-060-06,,1971-06-23,1971-06-26,,
284,ATII-060-08,,1971-08-03,1971-08-13,,
285,ATII-072-01,,1972-10-20,1972-11-03,,
286,ATII-073-01,,1972-11-23,1972-12-08,,
287,ATII-077-02,,1973-08-10,1973-08-27,,
288,ATII-078-02,,1973-10-14,1973-10-24,,
289,ATII-085-01,,1974-08-27,1974-09-09,,
290,ATII-085-02,,1974-09-19,1974-09-20,,
291,ATII-086-03,,1975-03-13,1975-03-18,,
292,ATII-092-01,,1975-09-03,1975-09-09,,
293,ATII-092-02,,1975-09-24,1975-10-05,,
294,ATII-093-02,,1975-11-27,1975-12-13,,
295,ATII-093-06,,1976-03-16,1976-03-29,,
296,ATII-093-07,,1976-04-09,1976-05-01,,
297,ATII-093-12,,1976-09-04,1976-09-22,,
298,ATII-093-13,,1976-10-13,1976-10-13,,
299,ATII-093-14,,1976-11-02,1976-11-19,,
300,ATII-093-18,,1977-03-02,1977-03-19,,
301,ATII-093-19,,1977-03-31,1977-04-12,,
302,ATII-094-01,,1977-06-15,1977-07-10,,
303,ATII-094-02,,1977-07-16,1977-07-24,,
304,ATII-096-01,,1977-09-20,1977-09-20,,
305,ATII-096-03,,1977-11-06,1977-11-23,,
306,ATII-097-02,,1978-02-11,1978-02-19,,
307,ATII-107-06,,1980-03-08,1980-04-01,,
308,ATII-107-07,,1980-04-21,1980-05-08,,
309,ATII-107-08,,1979-05-22,1979-06-17,,Research Cruise
310,ATII-107-09,,1980-06-27,1980-07-18,,
311,ATII-108-01,,1981-02-26,1981-04-22,,
312,ATII-108-04,,1981-04-23,1981-05-04,,
313,ATII-108-05,,1981-05-22,1981-05-26,,
314,ATII-112,,1984-02-06,1984-02-12,,Research Cruise
315,ATII-118-16,,,,,
316,ATII-118-18,,,,,
317,ATII-120-02,,1989-08-23,1989-08-29,,Research Cruise
318,ATII-123-02,,1989-11-01,1989-11-20,,
319,ATII-124,,1989-12-06,1989-12-18,,Research Cruise
320,ATII-125-08,,1990-06-22,1990-07-03,,
321,ATII-125-09,,1990-07-10,1990-07-10,,
322,ATII-127,,1992-09-05,1992-10-05,,Research Cruise
323,ATII-129,,1993-05-26,1993-05-26,,Research Cruise
324,ATII-131-09,,,,,
325,ATII-131-11,,,,,
326,ATII-131-12,,,,,
327,ATL-150,,1946-12-31,1947-09-10,,Research Cruise
328,ATL-152,,1948-08-11,1948-09-12,,Research Cruise
329,ATL-153,,1948-10-17,1948-12-05,,Research Cruise
330,ATL-156,,1948-12-31,1948-12-31,,Research Cruise
331,ATL-157,,1949-07-31,1949-09-10,,Research Cruise
332,ATL-158,,1949-09-21,1949-09-29,,Research Cruise
333,ATL-159,,1949-12-19,1949-12-19,,Research Cruise
334,ATL-160,,1950-01-19,1950-04-02,,Research Cruise
335,ATL-161,,1949-12-31,1949-12-31,,Research Cruise
336,ATL-162,,1950-05-11,1950-05-17,,Research Cruise
337,ATL-164,,1950-07-08,1950-09-20,,Research Cruise
338,ATL-167,,1951-01-05,1951-01-21,,Research Cruise
339,ATL-172,,1950-12-31,1951-06-04,,Research Cruise
340,ATL-173,,1950-12-31,1950-12-31,,Research Cruise
341,ATL-179,,1952-04-20,1952-05-26,,Research Cruise
342,ATL-180,,1952-07-23,1952-10-02,,Research Cruise
343,ATL-181,,1952-10-17,1952-12-03,,Research Cruise
344,ATL-185,,1953-04-28,1953-06-08,,Research Cruise
345,ATL240,,,,,
346,ATL246,,,,,
347,ATL251,,,,,
348,ATL254,,,,,
349,ATL260,,,,,
350,ATL266,,,,,
351,ATL280,,,,,
352,ATL281,,,,,
353,ATL282,,,,,
354,ATL296,,,,,
355,ATL297,,,,,
356,AXA15/04/13,,,,,
357,AZ Potash,,,,,Mineral Exploration
358,B. Creek,,,,,Mineral Exploration
359,B-12-96,,,,,
360,BA81,,,,,
361,BA82,,,,,
362,BA84,,,,,
363,Bagdad-Hillside,,,,,Mineral Exploration
364,BAN86,,,,,
365,BanglaPIRE,,,,,
366,Basalt,,,,,
367,Basaltic Andesite,,,,,
368,BEE,,,,,
369,Bendix,,,,,
370,BI91,,,,,
371,BI94,,,,,
372,Biomarqueurs focaux (Haute-Tarentaise),Biomarqueurs f&#x9d;caux (Haute-Tarentaise)10/10/12,2012-10-10,2013-01-24,,
373,BIOSED13/05/13,,2013-05-13,,,
374,BLM59,,,,,
375,BMRG02MV,,,,,
376,BMRG09MV,,,,,
377,BNTH01MV,,,,,
378,BNTH06MV,,,,,
379,BNTH07MV,,,,,
380,BONA01BD,,,,,
381,BONZ02WT,,,,,
382,Brown/Lamont/Earthscope,,,,,
383,BTL,,,,,
384,C08,,,,,
385,C10,,,,,
386,C22,,,,,
387,C24,,,,,
388,C25,,,,,
389,Campaign In Italy - 22-09-2013,,2013-09-22,,,
390,Campaign In Italy - 22-09-2014,,2014-09-22,,,
391,Campaign In Italy - 22-09-2015,,2015-09-22,,,
392,Cape Roberts Project,,,,,
393,CARR02BD,,,,,
394,Carter Oil Company,,,,,Oil and Gas exploration
395,CASE13,,,,,
396,Castle Copper,,,,,Mineral exploration
397,CCTW01MV,,,,,
398,CCTW03MV,,,,,
399,CCTW04MV,,,,,
400,CD01,,,,,
401,CD02,,,,,
402,Cenozoic Investigations of the western Ross Sea 1 (CIROS-1),,,,,
403,Cenozoic Investigations of the western Ross Sea 2 (CIROS-2),,,,,
404,CENT01WT,,,,,
405,Central_America:Carr_2002,,,,,
406,Central_America:Walker,,,,,
407,CentralAmerica:Fischer,,,,,
408,CentralAmerica:Marshall,,,,,
409,CentralAmerica:NicLakes,,,,,
410,CERE03WT,,,,,
411,CERE04WT,,,,,
412,CH0798,,,,,
413,CH21,,,,,
414,CH43,,,,,
415,CH61,,,,,
416,CH77,,,,,
417,CH78-2,,,,,
418,CH98 (MAPCO),,,,,
419,CHAIN043,,,,,
420,CHAIN100-10,,,,,
421,CHAIN100-11,,,,,
422,CHAIN100-3,,,,,
423,CHAIN100-4,,,,,
424,CHAIN100-5,,,,,
425,CHAIN100-6,,,,,
426,CHAIN100-7,,,,,
427,CHAIN100-8,,,,,
428,CHAIN100-9,,,,,
429,CHAIN105-2,,,,,
430,CHAIN11-1,,,,,
431,CHAIN11-3,,,,,
432,CHAIN11-4,,,,,
433,CHAIN115-1,,,,,
434,CHAIN115-2,,,,,
435,CHAIN115-4,,,,,
436,CHAIN115-5,,,,,
437,CHAIN115-6,,,,,
438,CHAIN115-7,,,,,
439,CHAIN115-8,,,,,
440,CHAIN119-2,,,,,
441,CHAIN13-1,,,,,
442,CHAIN13-2,,,,,
443,CHAIN13-7,,,,,
444,CHAIN17-1,,,,,
445,CHAIN19-1,,,,,
446,CHAIN21-1,,,,,
447,CHAIN34-1,,,,,
448,CHAIN35-1,,,,,
449,CHAIN35-2,,,,,
450,CHAIN35-3,,,,,
451,CHAIN36-1,,,,,
452,CHAIN39-2,,,,,
453,CHAIN41-1,,,,,
454,CHAIN43-1,,,,,
455,CHAIN44-1,,,,,
456,CHAIN46-1,,,,,
457,CHAIN47-1,,,,,
458,CHAIN52-1,,,,,
459,CHAIN53-1,,,,,
460,CHAIN57-1,,,,,
461,CHAIN58-1,,,,,
462,CHAIN61-10,,,,,
463,CHAIN61-2,,,,,
464,CHAIN61-3,,,,,
465,CHAIN61-4,,,,,
466,CHAIN61-5,,,,,
467,CHAIN61-6,,,,,
468,CHAIN61-7,,,,,
469,CHAIN7-1,,,,,
470,CHAIN7-3,,,,,
471,CHAIN7-4,,,,,
472,CHAIN75-1,,,,,
473,CHAIN75-2,,,,,
474,CHAIN75-3,,,,,
475,CHAIN7-7,,,,,
476,CHAIN7-8,,,,,
477,CHAIN7-9,,,,,
478,CHAIN82-6,,,,,
479,CHAIN82-7,,,,,
480,CHAIN82-8,,,,,
481,CHAIN9-6,,,,,
482,CHAIN96-4,,,,,
483,CHAIN96-5,,,,,
484,CHAIN9-7,,,,,
485,CHAIN99-2,,,,,
486,CHAIN99-3,,,,,
487,CHAIN99-4,,,,,
488,CHAIN99-8,,,,,
489,Changbaishan 2014 Workshop,Changbaishan 2014 Workshop,,,,
490,CHEP01NH,,,,,
491,Christmas Project 1419,,,,,Mineral Exploration
492,CI79,,,,,
493,CIRC01AR,,,,,
494,CIRC02AR,,,,,
495,CIRC03AR,,,,,
496,CIRC04AR,,,,,
497,CIRC05AR,,,,,
498,CIRC06AR,,,,,
499,CIRC07AR,,,,,
500,CIRC08AR,,,,,
501,CIRC09AR,,,,,
502,CIRC10AR,,,,,
503,CIRC11AR,,,,,
504,Circe,,,,,
505,CIROS,,,,,
506,CISALB07/06/12,,,,,
507,Citronelle EOR,,,,,
508,Citronelle Oil Field,,,,,Oil and Gas Exploration
509,COCOS,,,,,
510,COCOTOW,,,,,
511,COMRAC-08,,,,,
512,COMRAC-09,,,,,
513,COMRAC-10,,,,,
514,COMRAC-11,,,,,
515,COOK06MV,,,,,
516,COOK07MV,,,,,
517,Copper Creek,,,,,Mineral Exploration
518,Copper Giant,,,,,Mineral Exploration
519,CORSICA24/06/13,,,,,
520,COSC related fieldwork,,,,,
521,Costa Rican Volcanic Explosion Project,,,,,
522,Courtland Gleeson,,,,,Mineral Exploration
523,CRGN01WT,,,,,
524,CRGN02WT,,,,,
525,CRGN03WT,,,,,
526,Critical Zone Observatory,,,,,
527,CRNR02NH,,,,,
528,d,,,,,
529,dacite,,,,,
530,DANA01RR,,,,,
531,DANA01RR ,,,,,
532,DANA02RR,,,,,
533,DANA07RR,,,,,
534,DANA08RR,,,,,
535,DBA,,,,,
536,DDH,,,,,
537,DE87-04,,,,,
538,DECLAKES FP29 ESF EuroCLIMATE,,2005-06-27,2010-10-06,http://declakes.von-grafenstein.com/,
539,Deep Freeze 1979,Deep Freeze 79,,,,
540,Deep Freeze 1980,,,,,
541,Deep Freeze 1980,Deep Freeze 80,,,,
542,Deep Freeze 1981,,,,,
543,Deep Freeze 1982,,,,,
544,Devil's Canyon,,,,,
545,DF62-01,,,,,
546,DF79,,,,,
547,DF80,,,,,
548,DF81,,,,,
549,DF82,,,,,
550,DF83,,,,,
551,DF83-II,,,,,
552,DF83-III,,,,,
553,DF85,,,,,
554,DF86,,,,,
555,DF87,,,,,
556,DFG Priority Program TiP (SPP-1372),,,,,
557,DISCOVERER,,,,,
558,DIVBen,DivBen10/10/11,2011-10-10,2012-07-18,,
559,Dodo,,,,,
560,DODO02AR,,,,,
561,DODO04AR,,,,,
562,DODO06AR,,,,,
563,DODO08AR,,,,,
564,DODO09AR,,,,,
565,DPA2,,,,,
566,DPB1,,,,,
567,DPB2-06,,,,,
568,DPB4,,,,,
569,DPB5,,,,,
570,DPB6,,,,,
571,DPB7,,,,,
572,DPB9,,,,,
573,DPHUD,,,,,
574,DPMOH,,,,,
575,Dry Valley Drilling Project,,,,,
576,DSA,,,,,
577,DSC59,,,,,
578,DSDP Leg 01,,,,,Deep Sea Drilling
579,DSDP Leg 02,,,,,Deep Sea Drilling
580,DSDP Leg 03,,,,,Deep Sea Drilling
581,DSDP Leg 04,,,,,Deep Sea Drilling
582,DSDP Leg 05,,,,,Deep Sea Drilling
583,DSDP Leg 06,,,,,Deep Sea Drilling
584,DSDP Leg 07,,,,,Deep Sea Drilling
585,DSDP Leg 08,,,,,Deep Sea Drilling
586,DSDP Leg 09,,,,,Deep Sea Drilling
587,DSDP Leg 10,,,,,Deep Sea Drilling
588,DSDP Leg 11,,,,,Deep Sea Drilling
589,DSDP Leg 12,,,,,Deep Sea Drilling
590,DSDP Leg 13,,,,,Deep Sea Drilling
591,DSDP Leg 14,,,,,Deep Sea Drilling
592,DSDP Leg 15,,,,,Deep Sea Drilling
593,DSDP Leg 16,,,,,Deep Sea Drilling
594,DSDP Leg 17,,,,,Deep Sea Drilling
595,DSDP Leg 18,,,,,Deep Sea Drilling
596,DSDP Leg 19,,,,,Deep Sea Drilling
597,DSDP Leg 20,,,,,Deep Sea Drilling
598,DSDP Leg 21,,,,,Deep Sea Drilling
599,DSDP Leg 22,,,,,Deep Sea Drilling
600,DSDP Leg 23,,,,,Deep Sea Drilling
601,DSDP Leg 24,,,,,Deep Sea Drilling
602,DSDP Leg 25,,,,,Deep Sea Drilling
603,DSDP Leg 26,,,,,Deep Sea Drilling
604,DSDP Leg 27,,,,,Deep Sea Drilling
605,DSDP Leg 28,,,,,Deep Sea Drilling
606,DSDP Leg 29,,,,,Deep Sea Drilling
607,DSDP Leg 30,,,,,Deep Sea Drilling
608,DSDP Leg 31,,,,,Deep Sea Drilling
609,DSDP Leg 32,,,,,Deep Sea Drilling
610,DSDP Leg 33,,,,,Deep Sea Drilling
611,DSDP Leg 34,,,,,Deep Sea Drilling
612,DSDP Leg 35,,,,,Deep Sea Drilling
613,DSDP Leg 36,,,,,Deep Sea Drilling
614,DSDP Leg 37,,,,,Deep Sea Drilling
615,DSDP Leg 38,,,,,Deep Sea Drilling
616,DSDP Leg 39,,,,,Deep Sea Drilling
617,DSDP Leg 40,,,,,Deep Sea Drilling
618,DSDP Leg 41,,,,,Deep Sea Drilling
619,DSDP Leg 42,,,,,Deep Sea Drilling
620,DSDP Leg 43,,,,,Deep Sea Drilling
621,DSDP Leg 44,,,,,Deep Sea Drilling
622,DSDP Leg 45,,,,,Deep Sea Drilling
623,DSDP Leg 46,,,,,Deep Sea Drilling
624,DSDP Leg 47,,,,,Deep Sea Drilling
625,DSDP Leg 48,,,,,Deep Sea Drilling
626,DSDP Leg 49,,,,,Deep Sea Drilling
627,DSDP Leg 50,,,,,Deep Sea Drilling
628,DSDP Leg 51,,,,,Deep Sea Drilling
629,DSDP Leg 52,,,,,Deep Sea Drilling
630,DSDP Leg 53,,,,,Deep Sea Drilling
631,DSDP Leg 54,,,,,Deep Sea Drilling
632,DSDP Leg 55,,,,,Deep Sea Drilling
633,DSDP Leg 56,,,,,Deep Sea Drilling
634,DSDP Leg 57,,,,,Deep Sea Drilling
635,DSDP Leg 58,,,,,Deep Sea Drilling
636,DSDP Leg 59,,,,,Deep Sea Drilling
637,DSDP Leg 60,,,,,Deep Sea Drilling
638,DSDP Leg 61,,,,,Deep Sea Drilling
639,DSDP Leg 62,,,,,Deep Sea Drilling
640,DSDP Leg 63,,,,,Deep Sea Drilling
641,DSDP Leg 64,,,,,Deep Sea Drilling
642,DSDP Leg 65,,,,,Deep Sea Drilling
643,DSDP Leg 66,,,,,Deep Sea Drilling
644,DSDP Leg 67,,,,,Deep Sea Drilling
645,DSDP Leg 68,,,,,Deep Sea Drilling
646,DSDP Leg 69,,,,,Deep Sea Drilling
647,DSDP Leg 70,,,,,Deep Sea Drilling
648,DSDP Leg 71,,,,,Deep Sea Drilling
649,DSDP Leg 72,,,,,Deep Sea Drilling
650,DSDP Leg 73,,,,,Deep Sea Drilling
651,DSDP Leg 74,,,,,Deep Sea Drilling
652,DSDP Leg 75,,,,,Deep Sea Drilling
653,DSDP Leg 76,,,,,Deep Sea Drilling
654,DSDP Leg 77,,,,,Deep Sea Drilling
655,DSDP Leg 78,,,,,Deep Sea Drilling
656,DSDP Leg 79,,,,,Deep Sea Drilling
657,DSDP Leg 80,,,,,Deep Sea Drilling
658,DSDP Leg 81,,,,,Deep Sea Drilling
659,DSDP Leg 82,,,,,Deep Sea Drilling
660,DSDP Leg 83,,,,,Deep Sea Drilling
661,DSDP Leg 84,,,,,Deep Sea Drilling
662,DSDP Leg 85,,,,,Deep Sea Drilling
663,DSDP Leg 86,,,,,Deep Sea Drilling
664,DSDP Leg 87,,,,,Deep Sea Drilling
665,DSDP Leg 88,,,,,Deep Sea Drilling
666,DSDP Leg 89,,,,,Deep Sea Drilling
667,DSDP Leg 90,,,,,Deep Sea Drilling
668,DSDP Leg 91,,,,,Deep Sea Drilling
669,DSDP Leg 92,,,,,Deep Sea Drilling
670,DSDP Leg 93,,,,,Deep Sea Drilling
671,DSDP Leg 94,,,,,Deep Sea Drilling
672,DSDP Leg 95,,,,,Deep Sea Drilling
673,DSDP Leg 96,,,,,Deep Sea Drilling
674,Dutton Seychelles 2009,,2009-01-01,,,
675,Duval Roadside #2532,,,,,Mineral Exploration
676,EA02-66,,,,,
677,EA02D79,,,,,
678,EA02E79,,,,,
679,EA035,,,,,
680,EA04A-80,,,,,
681,EA08-67,,,,,
682,EA-08-67,,,,,
683,EA09-66,,,,,
684,EA-1d-74,,,,,
685,EA-1d-75,,,,,
686,EA-1e-69-70,,,,,
687,EA-1f-74,,,,,
688,EA-23j-72-73,,,,,
689,EA27-66,,,,,
690,EA28-67,,,,,
691,EA-31f-71-72,,,,,
692,EA-33e-70-71,,,,,
693,EA35,,,,,
694,EA36,,,,,
695,EA36-66,,,,,
696,EA-3e-78,,,,,
697,EA-3f-78,,,,,
698,EA-3g-78,,,,,
699,EA46,,,,,
700,EA461-67/68,,,,,
701,EA46-67,,,,,
702,EA50-68/69,,,,,
703,EA68,,,,,
704,EA69,,,,,
705,EA70,,,,,
706,EA71,,,,,
707,EA72,,,,,
708,EA74,,,,,
709,EA75,,,,,
710,EA77,,,,,
711,EA78,,,,,
712,EAR 0711551/354,,,,,
713,EAR 1250239/414,,,,,
714,East Cliff Section,,,,,
715,ECCHYMOSE 2001 coring survey,ECCHYMOSE 2001 coring survey2001/09/10,2001-09-10,2001-10-09,,
716,EL2,,,,,
717,ELT01,,,,,
718,ELT02,,,,,
719,ELT03,,,,,
720,ELT04,,,,,
721,ELT05,,,,,
722,ELT06,,,,,
723,ELT07,,,,,
724,ELT08,,,,,
725,ELT09,,,,,
726,ELT10,,,,,
727,ELT11,,,,,
728,ELT12,,,,,
729,ELT13,,,,,
730,ELT14,,,,,
731,ELT15,,,,,
732,ELT16,,,,,
733,ELT17,,,,,
734,ELT18,,,,,
735,ELT19,,,,,
736,ELT20,,,,,
737,ELT21,,,,,
738,ELT22,,,,,
739,ELT23,,,,,
740,ELT24,,,,,
741,ELT25,,,,,
742,ELT26,,,,,
743,ELT27,,,,,
744,ELT32,,,,,
745,ELT33,,,,,
746,ELT34,,,,,
747,ELT35,,,,,
748,ELT36,,,,,
749,ELT37,,,,,
750,ELT38,,,,,
751,ELT39,,,,,
752,ELT42,,,,,
753,ELT43,,,,,
754,ELT44,,,,,
755,ELT45,,,,,
756,ELT47,,,,,
757,ELT48,,,,,
758,ELT49,,,,,
759,ELT50,,,,,
760,ELT52,,,,,
761,ELT53,,,,,
762,ELT54,,,,,
763,ELT55,,,,,
764,EM05,,,,,
765,EM06,,,,,
766,EM07,,,,,
767,EM08,,,,,
768,EM09,,,,,
769,EN002,,,,,
770,EN-009,,,,,
771,EN-017,,,,,
772,EN-019,,,,,
773,EN02,,,,,
774,EN-020,,,,,
775,EN-023,,,,,
776,EN-024,,,,,
777,EN025,,,,,
778,EN-025,,,,,
779,EN026,,,,,
780,EN-026,,,,,
781,EN-029,,,,,
782,EN-032,,,,,
783,EN048,,,,,
784,EN-053,,,,,
785,EN061,,,,,
786,EN-061,,,,,
787,EN063,,,,,
788,EN-063,,,,,
789,EN066,,,,,
790,EN-069,,,,,
791,EN-071,,,,,
792,EN078,,,,,
793,EN084,,,,,
794,EN085,,,,,
795,EN101,,,,,
796,EN105,,,,,
797,EN-112,,,,,
798,EN113,,,,,
799,EN-113,,,,,
800,EN179,,,,,
801,EN187,,,,,
802,EN473,,,,,
803,Endeavour-558,"two samples, a piston core and a trawl, from ship 'HMNZS Endeavour III', kermandec, UCSC",,,,
804,ENSCO Mobil W.R.A.,,,,,
805,ERDC02WT,,,,,
806,ERDC03WT,,,,,
807,ERDC05WT,,,,,
808,ERDC08WT,,,,,
809,EW9209,,,,,
810,EW9302,,,,,
811,EW9303,,,,,
812,EW93-03,,,,,
813,EW9305,,,,,
814,EW9309,,,,,
815,EW9403,,,,,
816,EW9510,,,,,
817,EW9602,,,,,
818,EXPERIMENTAL WARMING,,,,,
819,Exploration West of the 100th Meridian,,,,,
820,ExTerra Salinia Field Institute,,,,,
821,FC-RI-01,,,,,
822,FIE,,,,,
823,Field,,,,,
824,Field work and Laboratory,,,,,
825,FIW,,,,,
826,FLAMINGO/MV1007,,,,,
827,Four Metals,,,,,
828,G-081,,,,,
829,G-094-P,,,,,
830,G438,,,,,
831,G-76-5,,,,,
832,G-76-6,,,,,
833,GBH-RI-1,,,,,
834,GCS-RI-1,,,,,
835,GECS0IMV,,,,,
836,Geological Survey of Western Australia field trip,,,,,
837,GEORSTOM III SUD,,,,,
838,GHB-RI-1,,,,,
839,Giljanes-3020,"one sample; dredge, from ship FV Giljanes",,,,
840,GL07,,,,,
841,GL103,,,,,
842,GL104,,,,,
843,GL107,,,,,
844,GL76,,,,,
845,GL78,,,,,
846,GLOR04MV,,,,,
847,GLOR07MV,,,,,
848,GLOR08MV,,,,,
849,GNS cruise RE9302-D3,,,,,
850,GO34,,,,,
851,GO35,,,,,
852,GO60,,,,,
853,GO61,,,,,
854,GO62,,,,,
855,GO-8-62,,,,,
856,GOS137,,,,,
857,GOS39,,,,,
858,GOS73,,,,,
859,GOS96,,,,,
860,GOS97,,,,,
861,GR74,,,,,
862,GR75,,,,,
863,GR76,,,,,
864,GR77,,,,,
865,GR78,,,,,
866,Granite,,,,,
867,Greyhound 3293,,,,,
868,GS-7603,,,,,
869,GS-7605,,,,,
870,GS-7901,,,,,
871,GSJ,,,,,
872,GulfOfCalifornia:Schmitt,,,,,
873,GulfOfCalifornia:Stock,,,,,
874,GulfOfCalifornia:Umhoefer,,,,,
875,HB96,,,,,
876,HLY-01-02,,,,,
877,HLY0805,,,,,
878,HLY0905,,,,,
879,HLY1002,,,,,
880,HLY1202,,,,,
881,HPP,,,,,
882,HR1401,,,,,
883,HS06,,,,,
884,HUD19-66,,,,,
885,HUD80016,,,,,
886,HV97,,,,,
887,HV98,,,,,
888,HYPO01MV,,,,,
889,I1176,,,,,
890,IATOS17/12/12,,,,,
891,IBM:Fischer,,,,,
892,IBM:Kent,,,,,
893,ICDP Collisional Orogeny in the Scandinavian Caledonides (COSC) project,,,,,
894,IO0775,,,,,
895,IO1176,,,,,
896,IO1277,,,,,
897,IO1578,,,,,
898,IO1678,,,,,
899,IODP / DSDP,,,,,
900,IODP Expedition 341,,,,,
901,IODP Leg 121,,,,,
902,IsoMex18/05/12,,2012-05-18,,,
903,IsoMex29/05/12,,2012-05-29,,,
904,ISTERRE / IRD14/02/12,,2012-02-14,,,
905,IV-2,,,,,
906,IWSOE,,,,,
907,IWSOE69,,,,,
908,IWSOE70,,,,,
909,JAMSTEC,,,,,
910,Jason Cruise,,,,,
911,JSPR01NH,,,,,
912,JWP01,,,,,
913,JWP02,,,,,
914,JWP03,,,,,
915,JWP04,,,,,
916,KA074,,,,,
917,KA74,,,,,
918,KANAUT 1992,,,,,
919,Karlstrom trip April 2010,,,,,
920,KCL,,,,,
921,Kelvin,,,,,
922,KERGUELEN200601/12/06,,2006-01-12,,,
923,Kerr,,,,,
924,Kerr RM,,,,,
925,Kerr-McGee #2,,,,,mineral exploration
926,Keystone 1484,,,,,
927,KK710426-2,,,,,
928,KK710426-5,,,,,
929,KK720702-2,,,,,
930,KK760806,,,,,
931,KK770317,,,,,
932,KK770317-4,,,,,
933,KK770317-4 STA 40 RD 10,,,,,
934,KK781230,,,,,
935,KK790808,,,,,
936,KK790808-1,,,,,
937,KK790808-2 STA131 RD52,,,,,
938,KK791029,,,,,
939,KK8000414,,,,,
940,KK800414,,,,,
941,KK800715,,,,,
942,KK810626,,,,,
943,KK810626-2,,,,,
944,KK810626-3,,,,,
945,KK810626-4,,,,,
946,KK810626-5,,,,,
947,KK820316-2,,,,,
948,KK820316-3,,,,,
949,KK820316-4,,,,,
950,KK820903,,,,,
951,KK821007,,,,,
952,KK830116-4,,,,,
953,KK830725,,,,,
954,KK84028-03,,,,,
955,KK84028-04,,,,,
956,KK84028-05,,,,,
957,KK84028-06,,,,,
958,KK84028-07,,,,,
959,KK84028-08,,,,,
960,KK840428,,,,,
961,KK840824,,,,,
962,KM0417,,,,,
963,KM0502,,,,,
964,KM0503,,,,,
965,KM0506,,,,,
966,KM1,,,,,
967,KM1005,,,,,
968,KM1008,,,,,
969,KM1024,,,,,
970,KM1129a,,,,,
971,KN101,,,,,
972,KN10-1,,,,,
973,KN102-1,,,,,
974,KN110-2,,,,,
975,KN134-10,,,,,
976,KN134-11,,,,,
977,KN134-16,,,,,
978,KN134-7,,,,,
979,KN134-8,,,,,
980,KN140-2,,,,,
981,KN158-4,,,,,
982,KN159,,,,,
983,KN159-5,,,,,
984,KN166-2,,,,,
985,KN180,,,,,
986,KN180-2,,,,,
987,KN182-13,,,,,
988,KN190,,,,,
989,KN210-05,,,,,
990,KN223,,,,,
991,KN25-1,,,,,
992,KN25-6,,,,,
993,KN27-1,,,,,
994,KN31-3,,,,,
995,KN31-4,,,,,
996,KN31-5,,,,,
997,KN42-2,,,,,
998,KN42-3,,,,,
999,KN42-4,,,,,
1000,KN42-5,,,,,
1001,KN47-1,,,,,
1002,KN51-03,,,,,
1003,KN51-3,,,,,
1004,KN54-2,,,,,
1005,KN54-3,,,,,
1006,KN54-6,,,,,
1007,KN61-1,,,,,
1008,KN64-1,,,,,
1009,KN64-3,,,,,
1010,KN73-4,,,,,
1011,KN74-1,,,,,
1012,KN78-1,,,,,
1013,KN79-2,,,,,
1014,KN96-1,,,,,
1015,KNOX05RR,,,,,
1016,KNOX06RR,,,,,
1017,KNOX11RR,,,,,
1018,KNOX18RR,,,,,
1019,Kodiak_Islands:Moore,,,,,
1020,KR00-03-Leg 2,,,,,
1021,KRK-90,,,,,
1022,KZ78,,,,,
1023,KZ81,,,,,
1024,Lacs d'altitude,Lac d&#x27;altitude12/04/10,2010-04-12,2012-07-17,,
1025,LADICIA04/07/11,,,,,
1026,Lamont/Rice/Brown/Earthscope,,,,,
1027,Lavrentyev-3010,"5 samples, dredges, from ship Akademik M.A. Lavrentyev",,,,
1028,LB,,,,,
1029,LC-NY-01,,,,,
1030,LIS1303,,,,,
1031,LK1,,,,,
1032,LL,,,,,
1033,LMG 07-17,,,,,
1034,LMG 09-11,,,,,
1035,LMG 11-02,,,,,
1036,LMG03-03,,,,,
1037,LMG04-04,,,,,
1038,LMG05-02,,,,,
1039,LMG0802,,,,,
1040,LMG0902,,,,,
1041,LMG11-02,,,,,
1042,LMG12-11,,,,,
1043,LMG13-11,,,,,
1044,LMG98-02,,,,,
1045,LS85,,,,,
1046,LS86,,,,,
1047,Luquillo Critical Zone Observatory (CZO),,,,,
1048,LUSI02AR,,,,,
1049,LUSI03HO,,,,,
1050,LUSI08AR,,,,,
1051,LUSI09AR,,,,,
1052,LW1,,,,,
1053,LW2,,,,,
1054,LW3,,,,,
1055,LWB0,,,,,
1056,LWB1,,,,,
1057,LWB2,,,,,
1058,LWB3,,,,,
1059,LWB4,,,,,
1060,LWH1,,,,,
1061,M68-10-12,,,,,
1062,MAGM01MV,,,,,
1063,Mahi700422-1,,,,,
1064,MARA-02,,,,,
1065,MARA04WT,,,,,
1066,MARA05WT,,,,,
1067,MARA06WT,,,,,
1068,MARA07WT,,,,,
1069,MARA11WT,,,,,
1070,MARA-12,,,,,
1071,Mariana_Forearc_Reagan_2002,,,,,
1072,Maricopa SSC,,,,,
1073,MARNOK 1991,,,,,
1074,MASTER BELLE S10/05/12,,2012-05-10,,,
1075,Mauritius 2007,,,,,
1076,MBARI Ridges 2009,,,,,
1077,MD03,,,,,
1078,MD152,,,,,
1079,Mexican Boundary Survey Collection,,,,,
1080,MGII,,,,,
1081,MGL1111,,,,,
1082,MGL1208,,,,,
1083,MGLN06MV,,,,,
1084,MGLN07MV,,,,,
1085,MGLN08MV,,,,,
1086,Middlemarch,,,,,
1087,Missing,,,,,
1088,Mission des Forts Egos,Mission des &#x9d; Forts Egos &#x9d;,,,,
1089,MKLK01BD,,,,,
1090,MKLK01HO,,,,,
1091,MKLK02BD,,,,,
1092,MKLK03BD,,,,,
1093,MM78,,,,,
1094,MM81,,,,,
1095,MONS02AR,,,,,
1096,MONS03AR,,,,,
1097,MONS06AR,,,,,
1098,MONS07AR,,,,,
1099,MONS08AR,,,,,
1100,Mount Holyoke College,,,,,
1101,MRTN06WT,,,,,
1102,Mt. Paektu Geoscientific Experiment 2013,,,,,
1103,MV16,,,,,
1104,MV99,,,,,
1105,MW74,,,,,
1106,MW74-2,,,,,
1107,MW8513,,,,,
1108,MW8518,,,,,
1109,MW8607,,,,,
1110,MW8708,,,,,
1111,MW9109,,,,,
1112,MW9507,,,,,
1113,n/r01/07/1999,,1999-07-01,,,
1114,n/r01/09/06,,2006-09-01,,,
1115,n/r14/05/13,,2013-05-14,,,
1116,n/r16/05/11,,2011-05-16,,,
1117,n/r19/05/11,,2011-05-19,,,
1118,n/r28/06/05,,2005-06-28,,,
1119,n/r28/11/11,,2011-11-28,,,
1120,Navajo Duval,,,,,
1121,NAZCOPAC-17,,,,,
1122,NBP00-01,,,,,
1123,NBP00-03,,,,,
1124,NBP0101,,,,,
1125,NBP01-01,,,,,
1126,NBP01-07,,,,,
1127,NBP02-01,,,,,
1128,NBP03-01,,,,,
1129,NBP03-06,,,,,
1130,NBP05-02,,,,,
1131,"NBP05-02, SHALDRIL",,,,,
1132,NBP0505,,,,,
1133,NBP05-05,,,,,
1134,NBP06-02a,,,,,
1135,NBP0603,,,,,
1136,NBP06-03,,,,,
1137,NBP0701,,,,,
1138,NBP07-01,,,,,
1139,NBP0703,,,,,
1140,NBP07-03,,,,,
1141,NBP08-02,,,,,
1142,NBP08-03,,,,,
1143,NBP0808,,,,,
1144,NBP0812,,,,,
1145,NBP0908,,,,,
1146,NBP1001,,,,,
1147,NBP10-01,,,,,
1148,NBP1002,,,,,
1149,NBP1004,,,,,
1150,NBP1005,,,,,
1151,NBP1005A,,,,,
1152,NBP12-03,,,,,
1153,NBP14-02,,,,,
1154,NBP9301,,,,,
1155,NBP93-01,,,,,
1156,NBP9308,,,,,
1157,NBP93-08,,,,,
1158,NBP9401,,,,,
1159,NBP94-01,,,,,
1160,NBP9407,,,,,
1161,NBP94-07,,,,,
1162,NBP9501,,,,,
1163,NBP95-01,,,,,
1164,NBP96-01,,,,,
1165,NBP9801,,,,,
1166,NBP98-01,,,,,
1167,NBP9902,,,,,
1168,NBP99-02,,,,,
1169,NBP9903,,,,,
1170,NBP99-03,,,,,
1171,NEMO02MV,,,,,
1172,New_Zealand:Core_McNinch,,,,,
1173,NewZealand:Kniskern,,,,,
1174,NKARA65,,,,,
1175,NKARA67,,,,,
1176,NOA-Svalbard,,,,,
1177,None,,,,,
1178,Not Applicable,,,,,
1179,NOVA03HO,,,,,
1180,NOVA04HO,,,,,
1181,NSF - EARPF2010 UK Field Work BDC,,,,,
1182,NSF Project - Collaborative Research: A Thermochronologic and Kinematic-Thermal Modeling Test of the Collapse of a Mesozoic West Antarctic Plateau,NSF Project - Collaborative Research: A Thermochronologic and Kinematic – Thermal Modeling Test of the Collapse of a Mesozoic West Antarctic Plateau,,,,
1183,NT05-17,,,,,
1184,NT10-12,,,,,
1185,NV861,,,,,
1186,NV865,,,,,
1187,NV871,,,,,
1188,NV885,,,,,
1189,NV888,,,,,
1190,NV891,,,,,
1191,NV893,,,,,
1192,NV895,,,,,
1193,NV896,,,,,
1194,NV899,,,,,
1195,NV912,,,,,
1196,NV922,,,,,
1197,NV923BI,,,,,
1198,NV923TO,,,,,
1199,NV924,,,,,
1200,NV926,,,,,
1201,NV933,,,,,
1202,NV946,,,,,
1203,NV947,,,,,
1204,NV948,,,,,
1205,NV951,,,,,
1206,NV952,,,,,
1207,NV953,,,,,
1208,NV955,,,,,
1209,NV967,,,,,
1210,NV982,,,,,
1211,NV986,,,,,
1212,NV992,,,,,
1213,NY-13 (EESC 3101),,,,,
1214,OAOA03NH,,,,,
1215,OB87,,,,,
1216,OC152,,,,,
1217,OC205,,,,,
1218,OC212,,,,,
1219,OC23,,,,,
1220,OC326,,,,,
1221,OC376,,,,,
1222,OC380,,,,,
1223,OC383,,,,,
1224,OC437-07,,,,,
1225,OC437-7,,,,,
1226,OCE152,,,,,
1227,OCE153,,,,,
1228,OCE154,,,,,
1229,OCE155,,,,,
1230,OCE156,,,,,
1231,ODP,,,,,deep sea drilling
1232,ODP Leg 100,,,,,deep sea drilling
1233,ODP Leg 101,,,,,deep sea drilling
1234,ODP Leg 102,,,,,deep sea drilling
1235,ODP Leg 103,,,,,deep sea drilling
1236,ODP Leg 104,,,,,deep sea drilling
1237,ODP Leg 105,,,,,deep sea drilling
1238,ODP Leg 106,,,,,deep sea drilling
1239,ODP Leg 107,,,,,deep sea drilling
1240,ODP Leg 108,,,,,deep sea drilling
1241,ODP Leg 109,,,,,deep sea drilling
1242,ODP Leg 110,,,,,deep sea drilling
1243,ODP Leg 111,,,,,deep sea drilling
1244,ODP Leg 112,,,,,deep sea drilling
1245,ODP Leg 113,,,,,deep sea drilling
1246,ODP Leg 114,,,,,deep sea drilling
1247,ODP Leg 115,,,,,deep sea drilling
1248,ODP Leg 116,,,,,deep sea drilling
1249,ODP Leg 117,,,,,deep sea drilling
1250,ODP Leg 118,,,,,deep sea drilling
1251,ODP Leg 119,,,,,deep sea drilling
1252,ODP Leg 120,,,,,deep sea drilling
1253,ODP Leg 121,,,,,deep sea drilling
1254,ODP Leg 122,,,,,deep sea drilling
1255,ODP Leg 123,,,,,deep sea drilling
1256,ODP Leg 124,,,,,deep sea drilling
1257,ODP Leg 125,,,,,deep sea drilling
1258,ODP Leg 126,,,,,deep sea drilling
1259,ODP Leg 127,,,,,deep sea drilling
1260,ODP Leg 128,,,,,deep sea drilling
1261,ODP Leg 129,,,,,deep sea drilling
1262,ODP Leg 130,,,,,deep sea drilling
1263,ODP Leg 131,,,,,deep sea drilling
1264,ODP Leg 132,,,,,deep sea drilling
1265,ODP Leg 133,,,,,deep sea drilling
1266,ODP Leg 134,,,,,deep sea drilling
1267,ODP Leg 135,,,,,deep sea drilling
1268,ODP Leg 136,,,,,deep sea drilling
1269,ODP Leg 137,,,,,deep sea drilling
1270,ODP Leg 138,,,,,deep sea drilling
1271,ODP Leg 139,,,,,deep sea drilling
1272,ODP Leg 140,,,,,deep sea drilling
1273,ODP Leg 141,,,,,deep sea drilling
1274,ODP Leg 142,,,,,deep sea drilling
1275,ODP Leg 143,,,,,deep sea drilling
1276,ODP Leg 144,,,,,deep sea drilling
1277,ODP Leg 145,,,,,deep sea drilling
1278,ODP Leg 146,,,,,deep sea drilling
1279,ODP Leg 147,,,,,deep sea drilling
1280,ODP Leg 148,,,,,deep sea drilling
1281,ODP Leg 149,,,,,deep sea drilling
1282,ODP Leg 150,,,,,deep sea drilling
1283,ODP Leg 151,,,,,deep sea drilling
1284,ODP Leg 152,,,,,deep sea drilling
1285,ODP Leg 153,,,,,deep sea drilling
1286,ODP Leg 154,,,,,deep sea drilling
1287,ODP Leg 155,,,,,deep sea drilling
1288,ODP Leg 156,,,,,deep sea drilling
1289,ODP Leg 157,,,,,deep sea drilling
1290,ODP Leg 158,,,,,deep sea drilling
1291,ODP Leg 159,,,,,deep sea drilling
1292,ODP Leg 160,,,,,deep sea drilling
1293,ODP Leg 161,,,,,deep sea drilling
1294,ODP Leg 162,,,,,deep sea drilling
1295,ODP Leg 163,,,,,deep sea drilling
1296,ODP Leg 164,,,,,deep sea drilling
1297,ODP Leg 165,,,,,deep sea drilling
1298,ODP Leg 166,,,,,deep sea drilling
1299,ODP Leg 167,,,,,deep sea drilling
1300,ODP Leg 168,,,,,deep sea drilling
1301,ODP Leg 169,,,,,deep sea drilling
1302,ODP Leg 170,,,,,deep sea drilling
1303,ODP Leg 171,,,,,deep sea drilling
1304,ODP Leg 171B Site 1050,,,,,deep sea drilling
1305,ODP Leg 172,,,,,deep sea drilling
1306,ODP Leg 173,,,,,deep sea drilling
1307,ODP Leg 174,,,,,deep sea drilling
1308,ODP Leg 174AX,,,,,deep sea drilling
1309,ODP Leg 175,,,,,deep sea drilling
1310,ODP Leg 176,,,,,deep sea drilling
1311,ODP Leg 177,,,,,deep sea drilling
1312,ODP Leg 178,,,,,deep sea drilling
1313,ODP Leg 179,,,,,deep sea drilling
1314,ODP Leg 180,,,,,deep sea drilling
1315,ODP Leg 181,,,,,deep sea drilling
1316,ODP Leg 182,,,,,deep sea drilling
1317,ODP Leg 183,,,,,deep sea drilling
1318,ODP Leg 184,,,,,deep sea drilling
1319,ODP Leg 185,,,,,deep sea drilling
1320,ODP Leg 186,,,,,deep sea drilling
1321,ODP Leg 187,,,,,deep sea drilling
1322,ODP Leg 188,,,,,deep sea drilling
1323,ODP Leg 189,,,,,deep sea drilling
1324,ODP Leg 190,,,,,deep sea drilling
1325,ODP Leg 191,,,,,deep sea drilling
1326,ODP Leg 192,,,,,deep sea drilling
1327,ODP Leg 193,,,,,deep sea drilling
1328,ODP Leg 194,,,,,deep sea drilling
1329,ODP Leg 195,,,,,deep sea drilling
1330,ODP Leg 196,,,,,deep sea drilling
1331,ODP Leg 197,,,,,deep sea drilling
1332,ODP Leg 198,,,,,deep sea drilling
1333,ODP Leg 199,,,,,deep sea drilling
1334,ODP Leg 200,,,,,deep sea drilling
1335,ODP Leg 201,,,,,deep sea drilling
1336,ODP Leg 202,,,,,deep sea drilling
1337,ODP Leg 203,,,,,deep sea drilling
1338,ODP Leg 204,,,,,deep sea drilling
1339,ODP Leg 205,,,,,deep sea drilling
1340,ODP Leg 206,,,,,deep sea drilling
1341,ODP Leg 207,,,,,deep sea drilling
1342,ODP Leg 207 Site 1259,,,,,deep sea drilling
1343,ODP Leg 208,,,,,deep sea drilling
1344,ODP Leg 209,,,,,deep sea drilling
1345,ODP Leg 210,,,,,deep sea drilling
1346,ODP Leg 306,,,,,deep sea drilling
1347,ODP_Leg_210,,,,,deep sea drilling
1348,ODP0127,,,,,deep sea drilling
1349,ODP0138,,,,,deep sea drilling
1350,ODP0165,,,,,deep sea drilling
1351,ODP0199,,,,,deep sea drilling
1352,ODP0206,,,,,deep sea drilling
1353,ODP0302,,,,,deep sea drilling
1354,ON2,,,,,
1355,ON3,,,,,
1356,ON4,,,,,
1357,OSO09-10,,,,,
1358,PA9802,,,,,
1359,PALEOMAG26/04/10,,2010-04-26,,,
1360,Pamir,,,,,
1361,PANR01MV,,,,,
1362,PANR04MV,,,,,
1363,PANR06MV,,,,,
1364,PAPATUA Leg 05 (1986),,,,,
1365,PASC03WT,,,,,
1366,PASC04WT,,,,,
1367,PC88-III,,,,,
1368,PD86-VIII,,,,,
1369,PD88-III,,,,,
1370,PD88-VI,,,,,
1371,PD89-IV,,,,,
1372,PD90-II,,,,,
1373,PD90-VII,,,,,
1374,PD91-I,,,,,
1375,PD92-II,,,,,
1376,PD93-VI,,,,,
1377,PD95-X,,,,,
1378,PhD fieldwork,,,,,
1379,Phelps Dodge - San Xavier,,,,,Mineral exploration
1380,PHNX02MV,,,,,
1381,PHNX03MV,,,,,
1382,PJP-RI-1,,,,,
1383,PLDS01MV,,,,,
1384,PLDS02MV,,,,,
1385,PLDS04MV,,,,,
1386,PLTO03MV,,,,,
1387,PLTO07NH,,,,,
1388,PLUM05WT,,,,,
1389,PLUME2,,,,,
1390,Point Sur 2013,,,,,
1391,PP-RI-01,,,,,
1392,PP-RI-02,,,,,
1393,PPTU03WT,,,,,
1394,PPTU04WT,,,,,
1395,PPTU05WT,,,,,
1396,PPTU06WT,,,,,
1397,PPTU11WT,,,,,
1398,PR-73-74,,,,,
1399,PROA02BD,,,,,
1400,PROA3ABD,,,,,
1401,PROCOPE02/10/12,,,,,
1402,Project 6946,,,,,
1403,PROJET ARCHEO13/07/12,,,,,
1404,PROT01MV,,,,,
1405,PROT05MV,,,,,
1406,PROT06MV,,,,,
1407,Quartzsite,,,,,
1408,R.V. Thompson TT 080 (1973),,,,,
1409,R.V. Thompson TT 170 (1981),,,,,
1410,R.V. Thompson TT 175 (1983),,,,,
1411,"R/V G.O. Sars, CGB2011",,,,,
1412,"R/V Haakon Mosby, SM01",,,,,
1413,R/V Poseidon Leg 436,,,,,
1414,RAIT02WT,,,,,
1415,RAIT03WT,,,,,
1416,RAMA-01,,,,,
1417,RAMA06WT,,,,,
1418,RAMA07WT,,,,,
1419,RAMA08WT,,,,,
1420,Rapuhia Cruise 2032,,,,,
1421,Rapuhia Cruise 2050,"one piston core sample; ship Rapuhia, Kermandec, UCSC",,,,
1422,Rapuhia Cruise 2052,,,,,
1423,RB-03-03,,,,,
1424,RC0005,,,,,
1425,RC0007,,,,,
1426,RC0008,,,,,
1427,RC0009,,,,,
1428,RC0010,,,,,
1429,RC0011,,,,,
1430,RC0012,,,,,
1431,RC0013,,,,,
1432,RC0014,,,,,
1433,RC0015,,,,,
1434,RC0016,,,,,
1435,RC0017,,,,,
1436,RC0018,,,,,
1437,RC0021,,,,,
1438,RC0023,,,,,
1439,RC0024,,,,,
1440,RC0026,,,,,
1441,RC0027,,,,,
1442,RC0028,,,,,
1443,RC01,,,,,
1444,RC0101,,,,,
1445,RC0102,,,,,
1446,RC02,,,,,
1447,RC0201,,,,,
1448,RC03,,,,,
1449,RC0301,,,,,
1450,RC0401,,,,,
1451,RC0402,,,,,
1452,RC0501,,,,,
1453,RC0502,,,,,
1454,RC06,,,,,
1455,RC0601,,,,,
1456,RC0602,,,,,
1457,RC0605,,,,,
1458,RC07,,,,,
1459,RC0702,,,,,
1460,RC0707,,,,,
1461,RC0708,,,,,
1462,RC08,,,,,
1463,RC0801,,,,,
1464,RC0802,,,,,
1465,RC0803,,,,,
1466,RC0804,,,,,
1467,RC0805,,,,,
1468,RC0806,,,,,
1469,RC0807,,,,,
1470,RC0808,,,,,
1471,RC0809,,,,,
1472,RC0810,,,,,
1473,RC0812,,,,,
1474,RC09,,,,,
1475,RC0901,,,,,
1476,RC0902,,,,,
1477,RC0903,,,,,
1478,RC0904,,,,,
1479,RC0905,,,,,
1480,RC0906,,,,,
1481,RC0907,,,,,
1482,RC0908,,,,,
1483,RC0909,,,,,
1484,RC0910,,,,,
1485,RC0911A,,,,,
1486,RC0911B,,,,,
1487,RC0912,,,,,
1488,RC0913,,,,,
1489,RC10,,,,,
1490,RC1001,,,,,
1491,RC1003,,,,,
1492,RC1004,,,,,
1493,RC1005,,,,,
1494,RC1006,,,,,
1495,RC1007,,,,,
1496,RC1008,,,,,
1497,RC1009,,,,,
1498,RC1010,,,,,
1499,RC1011,,,,,
1500,RC1012,,,,,
1501,RC11,,,,,
1502,RC1101,,,,,
1503,RC1102,,,,,
1504,RC1103,,,,,
1505,RC1104,,,,,
1506,RC1105,,,,,
1507,RC1106,,,,,
1508,RC1107,,,,,
1509,RC1108,,,,,
1510,RC1109,,,,,
1511,RC1110,,,,,
1512,RC1111,,,,,
1513,RC1112,,,,,
1514,RC12,,,,,
1515,RC1201,,,,,
1516,RC1202,,,,,
1517,RC1203,,,,,
1518,RC1204,,,,,
1519,RC1205,,,,,
1520,RC1206,,,,,
1521,RC1207,,,,,
1522,RC1208,,,,,
1523,RC1209,,,,,
1524,RC1210,,,,,
1525,RC1211,,,,,
1526,RC1212,,,,,
1527,RC1213,,,,,
1528,RC1214,,,,,
1529,RC1215,,,,,
1530,RC1216,,,,,
1531,RC1217,,,,,
1532,RC1218,,,,,
1533,RC1219,,,,,
1534,RC1220,,,,,
1535,RC13,,,,,
1536,RC1301,,,,,
1537,RC1304,,,,,
1538,RC1305,,,,,
1539,RC1306,,,,,
1540,RC1307,,,,,
1541,RC1308,,,,,
1542,RC1310,,,,,
1543,RC1311,,,,,
1544,RC1312,,,,,
1545,RC1313,,,,,
1546,RC1314,,,,,
1547,RC14,,,,,
1548,RC1401,,,,,
1549,RC1402,,,,,
1550,RC1403,,,,,
1551,RC1404,,,,,
1552,RC1405,,,,,
1553,RC1406,,,,,
1554,RC1407,,,,,
1555,RC15,,,,,
1556,RC1501,,,,,
1557,RC1502,,,,,
1558,RC1503,,,,,
1559,RC1504,,,,,
1560,RC1505,,,,,
1561,RC1506,,,,,
1562,RC1507,,,,,
1563,RC1508,,,,,
1564,RC1509,,,,,
1565,RC1510,,,,,
1566,RC16,,,,,
1567,RC1601,,,,,
1568,RC1602,,,,,
1569,RC1603,,,,,
1570,RC1604,,,,,
1571,RC1605,,,,,
1572,RC1606,,,,,
1573,RC1608,,,,,
1574,RC1609,,,,,
1575,RC1610,,,,,
1576,RC1611,,,,,
1577,RC1612,,,,,
1578,RC1613,,,,,
1579,RC17,,,,,
1580,RC1701,,,,,
1581,RC1702,,,,,
1582,RC1703,,,,,
1583,RC1704,,,,,
1584,RC1705,,,,,
1585,RC1706,,,,,
1586,RC1707,,,,,
1587,RC1708,,,,,
1588,RC1709,,,,,
1589,RC1710,,,,,
1590,RC1711,,,,,
1591,RC1712,,,,,
1592,RC1713,,,,,
1593,RC1714,,,,,
1594,RC18,,,,,
1595,RC1801,,,,,
1596,RC1802,,,,,
1597,RC1803,,,,,
1598,RC1804,,,,,
1599,RC1806,,,,,
1600,RC19,,,,,
1601,RC1901,,,,,
1602,RC1902,,,,,
1603,RC1905,,,,,
1604,RC1906,,,,,
1605,RC1907,,,,,
1606,RC2007,,,,,
1607,RC2009,,,,,
1608,RC2011,,,,,
1609,RC2012,,,,,
1610,RC21,,,,,
1611,RC2116,,,,,
1612,RC22,,,,,
1613,RC2209,,,,,
1614,RC23,,,,,
1615,RC2304,,,,,
1616,RC2305,,,,,
1617,RC2307,,,,,
1618,RC24,,,,,
1619,RC2403,,,,,
1620,RC25,,,,,
1621,RC2507,,,,,
1622,RC2512,,,,,
1623,RC2514,,,,,
1624,RC26,,,,,
1625,RC2603,,,,,
1626,RC2614,,,,,
1627,RC27,,,,,
1628,RC2703,,,,,
1629,RC2704,,,,,
1630,RC2706,,,,,
1631,RC2707,,,,,
1632,RC2708,,,,,
1633,RC28,,,,,
1634,RC2804,,,,,
1635,RC2806,,,,,
1636,RC28-06,,,,,
1637,RC29,,,,,
1638,RC2907,,,,,
1639,RC30,,,,,
1640,RE01,,,,,
1641,RE05,,,,,
1642,RE07,,,,,
1643,RE08,,,,,
1644,RE09,,,,,
1645,RE10,,,,,
1646,RE11,,,,,
1647,RE12,,,,,
1648,RE13,,,,,
1649,Red Lake (Kerr-McGee Test),,,,,Mineral Exploration
1650,RedSea:Stockli,,,,,
1651,Researcher 782,,,,,
1652,Reynolds Critical Zone Observatory (CZO),,,,,
1653,RH02,,,,,
1654,Ridgeway Oil,,,,,Oil and Gas Exploration
1655,RIFT01MV,,,,,
1656,RIFT02MV,,,,,
1657,Ripsey,,,,,
1658,RISE01NH,,,,,
1659,RISP77,,,,,
1660,RISP78,,,,,
1661,RISP79,,,,,
1662,RNDB02WT,,,,,
1663,RNDB06WT,,,,,
1664,RNDB10WT,,,,,
1665,RNDB15WT,,,,,
1666,RNZFATui-421,"one sample, from ship 'RNZFA Tui'; Kermandec, UCSC",,,,
1667,Robciero,,,,,
1668,ROSA01NH,,,,,
1669,Roy Owens,,,,,
1670,RP14RE81,,,,,
1671,RP6-OC75,,,,,
1672,RP8-OC75,,,,,
1673,RR1001,,,,,
1674,RR1211,,,,,
1675,RR1506,,,,,
1676,RS05,,,,,
1677,RS06,,,,,
1678,RS08,,,,,
1679,RS09,,,,,
1680,RT,,,,,
1681,SAFEGE04/06/11,,2011-06-04,,,
1682,SAINT-ANDRE-05/12/2011,,2011-12-05,,,
1683,Samar,,,,,
1684,Sanchez,,,,,
1685,SB3,,,,,
1686,SC2014,,,,,
1687,SCAN04AR,,,,,
1688,SCAN08AR,,,,,
1689,SD99,,,,,
1690,SEA VEE,,,,,
1691,"Sedimentary Hills, Company",,,,,
1692,SEGMENT TZ FIELD CAMPAIGN 2012,,,,,
1693,Sells,,,,,
1694,Serpentine cruise,,,,,
1695,SF96,,,,,
1696,SG2014,,,,,
1697,SH97,,,,,
1698,SH98,,,,,
1699,SHL80,,,,,
1700,Silurian Strontium Database,,,,,
1701,SIQR01WT,,,,,
1702,SMNT01WT,,,,,
1703,SO135,,,,,
1704,SO167,,,,,
1705,SOBO03BD,,,,,
1706,SOBO04BD,,,,,
1707,SOTW07WT,,,,,
1708,SOTW08WT,,,,,
1709,SOTW09WT,,,,,
1710,SOTW11WT,,,,,
1711,SOUTHTOW,,,,,
1712,SP03,,,,,
1713,SP08,,,,,
1714,SP09,,,,,
1715,SP10,,,,,
1716,SP11,,,,,
1717,SP12,,,,,
1718,SP13,,,,,
1719,St. Elias Erosion and Tectonic Program (STEEP),,,,,
1720,Star Hill,,,,,
1721,Stein Pass,,,,,
1722,STOM01MV,,,,,
1723,SU2,,,,,
1724,SUIVI EDF20/07/12,,,,,
1725,SUIVI EDF22/04/13,,,,,
1726,Superior East,,,,,Mineral Exploration
1727,Susquehanna Shale Hills Critical Zone Observatory (CZO),,,,,
1728,Swansea,,,,,Mineral Exploration
1729,SWIFT,,,,,
1730,T3-53,,,,,
1731,T3-55,,,,,
1732,T3-63,,,,,
1733,T3-65,,,,,
1734,T3-66,,,,,
1735,T3-67,,,,,
1736,T3-68,,,,,
1737,T3-69,,,,,
1738,T3-74,,,,,
1739,TAN0005,,,,,
1740,TAN0613,,,,,
1741,TAN1007,,,,,
1742,TAN3028,"19 samples; dredge, from ship Tangaroa, follow cruise ID pattern from other Tangaroa cruises.",,,,
1743,TAN9912,,,,,
1744,TCS06NH,,,,,
1745,TH1,,,,,
1746,THESE  FOUINAT,,2011-06-14,2013-07-05,,
1747,THESE ARNAUD F,,2004-01-01,,,
1748,THESE BELLE S,,2013-11-11,,,
1749,THESE NOURAGUE O,,2013-06-26,,,
1750,THESE WILHELM B,,2008-07-01,2012-07-02,,
1751,TN041,,,,,
1752,TN047,,,,,
1753,TN154,,,,,
1754,TN182,,,,,
1755,TN183,,,,,
1756,TN199,,,,,
1757,TN209,,,,,
1758,TN232,,,,,
1759,TN234,,,,,
1760,TN-234,,,,,
1761,TN235,,,,,
1762,TN236,,,,,
1763,TN253,,,,,
1764,TN273,,,,,
1765,TN300,,,,,
1766,Tonto,,,,,
1767,TPTW01WT,,,,,
1768,TR-004,,,,,
1769,TR-009,,,,,
1770,TR-015,,,,,
1771,TR-018,,,,,
1772,TR-021,,,,,
1773,TR-023,,,,,
1774,TR-024,,,,,
1775,TR-027,,,,,
1776,TR-028,,,,,
1777,TR-029,,,,,
1778,TR-034,,,,,
1779,TR-036,,,,,
1780,TR-037,,,,,
1781,TR041,,,,,
1782,TR-041,,,,,
1783,TR-044,,,,,
1784,TR-049,,,,,
1785,TR-050,,,,,
1786,TR-051,,,,,
1787,TR-055,,,,,
1788,TR-067,,,,,
1789,TR-071,,,,,
1790,TR-079,,,,,
1791,TR-083,,,,,
1792,TR-085,,,,,
1793,TR-086,,,,,
1794,TR089,,,,,
1795,TR-089,,,,,
1796,TR-091,,,,,
1797,TR-096,,,,,
1798,TR-099,,,,,
1799,TR100,,,,,
1800,TR-100,,,,,
1801,TR101,,,,,
1802,TR-101,,,,,
1803,TR102,,,,,
1804,TR103,,,,,
1805,TR104,,,,,
1806,TR-112,,,,,
1807,TR-116,,,,,
1808,TR119,,,,,
1809,TR-119,,,,,
1810,TR-121,,,,,
1811,TR122,,,,,
1812,TR-122,,,,,
1813,TR123,,,,,
1814,TR-123,,,,,
1815,TR-126,,,,,
1816,TR138,,,,,
1817,TR-138,,,,,
1818,TR139,,,,,
1819,TR-139,,,,,
1820,TR-148,,,,,
1821,TR-149,,,,,
1822,TR154,,,,,
1823,TR-154,,,,,
1824,TR-163,,,,,
1825,TR164,,,,,
1826,TR-164,,,,,
1827,TR-171,,,,,
1828,TR-172,,,,,
1829,TR-174,,,,,
1830,TR52,,,,,
1831,TR69,,,,,
1832,TR82,,,,,
1833,TR85,,,,,
1834,TR98,,,,,
1835,TRIESTE15-77,,,,,
1836,TRIESTE16-77,,,,,
1837,TRIP03AR,,,,,
1838,TT013,,,,,
1839,TT175,,,,,
1840,TT198,,,,,
1841,TTN013,,,,,
1842,TTN057,,,,,
1843,TUIM05MV,,,,,
1844,TUIM06MV,,,,,
1845,TUIM07MV,,,,,
1846,TUNE04WT,,,,,
1847,TUNE06WT,,,,,
1848,TUNE07WT,,,,,
1849,Turquie01/07/10,,,,,
1850,TW7,,,,,
1851,TW-PL07,,,,,
1852,U.S. Borax,,,,,
1853,U.S. Exploring Expedition - Wilkes,,,,,
1854,UCSD Arizona,,,,,
1855,unknown,,,,,
1856,USGS,,,,,
1857,USGS Sea Sounder S6-79 (1979),,,,,
1858,V0201,,,,,
1859,V0202,,,,,
1860,V0302,,,,,
1861,V0304,,,,,
1862,V0305,,,,,
1863,V0306,,,,,
1864,V0307,,,,,
1865,V0308,,,,,
1866,V0309,,,,,
1867,V0310,,,,,
1868,V0401,,,,,
1869,V0402,,,,,
1870,V0404,,,,,
1871,V0405,,,,,
1872,V0501,,,,,
1873,V0502,,,,,
1874,V0503,,,,,
1875,V0504,,,,,
1876,V0505,,,,,
1877,V0507,,,,,
1878,V0604,,,,,
1879,V0605,,,,,
1880,V0606,,,,,
1881,V0607,,,,,
1882,V0608,,,,,
1883,V0701,,,,,
1884,V0702,,,,,
1885,V0703,,,,,
1886,V0704,,,,,
1887,V0705,,,,,
1888,V0803,,,,,
1889,V0805,,,,,
1890,V0807,,,,,
1891,V0808,,,,,
1892,V0901,,,,,
1893,V0902,,,,,
1894,V0903,,,,,
1895,V1003,,,,,
1896,V1004,,,,,
1897,V1005,,,,,
1898,V1006,,,,,
1899,V1007,,,,,
1900,V1008,,,,,
1901,V1009,,,,,
1902,V1010,,,,,
1903,V1011,,,,,
1904,V1012,,,,,
1905,V1013,,,,,
1906,V1101,,,,,
1907,V12,,,,,
1908,V1201,,,,,
1909,V1202,,,,,
1910,V1203,,,,,
1911,V1204,,,,,
1912,V1206,,,,,
1913,V1207,,,,,
1914,V1208,,,,,
1915,V1209,,,,,
1916,V1210,,,,,
1917,V1211,,,,,
1918,V1212,,,,,
1919,V1213,,,,,
1920,V1301,,,,,
1921,V1402,,,,,
1922,V1403,,,,,
1923,V1404,,,,,
1924,V1405,,,,,
1925,V1406,,,,,
1926,V1407,,,,,
1927,V1408,,,,,
1928,V1409,,,,,
1929,V1410,,,,,
1930,V1411,,,,,
1931,V1412,,,,,
1932,V1413,,,,,
1933,V1414,,,,,
1934,V1415,,,,,
1935,V1416,,,,,
1936,V1417,,,,,
1937,V1418,,,,,
1938,V15,,,,,
1939,V1501,,,,,
1940,V1502,,,,,
1941,V1503,,,,,
1942,V1504,,,,,
1943,V1505,,,,,
1944,V1506,,,,,
1945,V1507,,,,,
1946,V1508,,,,,
1947,V1508A,,,,,
1948,V1509,,,,,
1949,V1510,,,,,
1950,V1511,,,,,
1951,V1512,,,,,
1952,V1513,,,,,
1953,V1514,,,,,
1954,V1515,,,,,
1955,V1516,,,,,
1956,V1517,,,,,
1957,V1518,,,,,
1958,V1601,,,,,
1959,V1602,,,,,
1960,V1603,,,,,
1961,V1604,,,,,
1962,V1605,,,,,
1963,V1606,,,,,
1964,V1607,,,,,
1965,V1608,,,,,
1966,V1609,,,,,
1967,V1610,,,,,
1968,V1611,,,,,
1969,V1612,,,,,
1970,V1613,,,,,
1971,V1614,,,,,
1972,V1615,,,,,
1973,V1616,,,,,
1974,V1702,,,,,
1975,V1703,,,,,
1976,V1704,,,,,
1977,V1705,,,,,
1978,V1706,,,,,
1979,V1707,,,,,
1980,V1708,,,,,
1981,V1709,,,,,
1982,V1710,,,,,
1983,V1711,,,,,
1984,V1712,,,,,
1985,V1713,,,,,
1986,V1714,,,,,
1987,V1715,,,,,
1988,V1716,,,,,
1989,V1717,,,,,
1990,V1802,,,,,
1991,V1803,,,,,
1992,V1804,,,,,
1993,V1805,,,,,
1994,V1806,,,,,
1995,V1807,,,,,
1996,V1808,,,,,
1997,V1809,,,,,
1998,V1810,,,,,
1999,V1811,,,,,
2000,V1812,,,,,
2001,V1813,,,,,
2002,V1814,,,,,
2003,V1815,,,,,
2004,V1816,,,,,
2005,V1817,,,,,
2006,V1818,,,,,
2007,V1819,,,,,
2008,V1901,,,,,
2009,V1902,,,,,
2010,V1903,,,,,
2011,V1904,,,,,
2012,V1905,,,,,
2013,V1906,,,,,
2014,V1907,,,,,
2015,V1908,,,,,
2016,V1909,,,,,
2017,V1910,,,,,
2018,V1911,,,,,
2019,V1912,,,,,
2020,V1913,,,,,
2021,V20,,,,,
2022,V2002,,,,,
2023,V2003,,,,,
2024,V2004,,,,,
2025,V2005,,,,,
2026,V2006,,,,,
2027,V2007,,,,,
2028,V2008,,,,,
2029,V2009,,,,,
2030,V2010,,,,,
2031,V2011,,,,,
2032,V2012,,,,,
2033,V2013,,,,,
2034,V2101,,,,,
2035,V2103,,,,,
2036,V2104,,,,,
2037,V2106,,,,,
2038,V2107,,,,,
2039,V2108,,,,,
2040,V2109A,,,,,
2041,V2109B,,,,,
2042,V2110,,,,,
2043,V2111,,,,,
2044,V2112,,,,,
2045,V2113,,,,,
2046,V2114,,,,,
2047,V2201,,,,,
2048,V2202,,,,,
2049,V2203,,,,,
2050,V2204,,,,,
2051,V2205,,,,,
2052,V2206,,,,,
2053,V2207,,,,,
2054,V2301,,,,,
2055,V2302,,,,,
2056,V2303,,,,,
2057,V2304,,,,,
2058,V2305,,,,,
2059,V2306,,,,,
2060,V2307,,,,,
2061,V2401,,,,,
2062,V2402,,,,,
2063,V2403,,,,,
2064,V2404,,,,,
2065,V2405,,,,,
2066,V2406,,,,,
2067,V2407,,,,,
2068,V2408,,,,,
2069,V2409,,,,,
2070,V2410,,,,,
2071,V2411,,,,,
2072,V2412,,,,,
2073,V2413,,,,,
2074,V2501,,,,,
2075,V2502,,,,,
2076,V2503,,,,,
2077,V2601,,,,,
2078,V2602,,,,,
2079,V2603,,,,,
2080,V2604,,,,,
2081,V2605,,,,,
2082,V2606,,,,,
2083,V2607,,,,,
2084,V2608,,,,,
2085,V2609,,,,,
2086,V2610,,,,,
2087,V2701,,,,,
2088,V2702,,,,,
2089,V2703,,,,,
2090,V2704,,,,,
2091,V2705,,,,,
2092,V2706,,,,,
2093,V2707,,,,,
2094,V2708,,,,,
2095,V2709,,,,,
2096,V2710,,,,,
2097,V2712,,,,,
2098,V2713,,,,,
2099,V2714,,,,,
2100,V2801,,,,,
2101,V2802,,,,,
2102,V2803,,,,,
2103,V2804,,,,,
2104,V2805,,,,,
2105,V2806,,,,,
2106,V2807,,,,,
2107,V2808,,,,,
2108,V2809,,,,,
2109,V2810,,,,,
2110,V2811,,,,,
2111,V2812,,,,,
2112,V2813,,,,,
2113,V2814,,,,,
2114,V2815,,,,,
2115,V2816,,,,,
2116,V2817,,,,,
2117,V2818,,,,,
2118,V2819,,,,,
2119,V2901,,,,,
2120,V2902,,,,,
2121,V2903,,,,,
2122,V2904,,,,,
2123,V2905,,,,,
2124,V2906,,,,,
2125,V2907,,,,,
2126,V2908,,,,,
2127,V2909,,,,,
2128,V2910,,,,,
2129,V2911,,,,,
2130,V3001,,,,,
2131,V3002,,,,,
2132,V3003,,,,,
2133,V3004,,,,,
2134,V3005,,,,,
2135,V3006,,,,,
2136,V3007,,,,,
2137,V3008,,,,,
2138,V3009,,,,,
2139,V3010,,,,,
2140,V3011,,,,,
2141,V3012,,,,,
2142,V3013,,,,,
2143,V3014,,,,,
2144,V3101,,,,,
2145,V3102,,,,,
2146,V3103,,,,,
2147,V3104,,,,,
2148,V3105,,,,,
2149,V3106,,,,,
2150,V3107,,,,,
2151,V3108,,,,,
2152,V32,,,,,
2153,V3203,,,,,
2154,V3204,,,,,
2155,V3205,,,,,
2156,V3206,,,,,
2157,V3207,,,,,
2158,V3208,,,,,
2159,V3209,,,,,
2160,V3210,,,,,
2161,V3211,,,,,
2162,V32-11,,,,,
2163,V3212,,,,,
2164,V3213,,,,,
2165,V3214,,,,,
2166,V3215,,,,,
2167,V3301,,,,,
2168,V3302,,,,,
2169,V3303,,,,,
2170,V3304,,,,,
2171,V3305,,,,,
2172,V3306,,,,,
2173,V-33-06,,,,,
2174,V3307,,,,,
2175,V-33-07,,,,,
2176,V3308,,,,,
2177,V3309,,,,,
2178,V3310,,,,,
2179,V3311,,,,,
2180,V3312,,,,,
2181,V3313,,,,,
2182,V3314,,,,,
2183,V3401,,,,,
2184,V3402,,,,,
2185,V3403,,,,,
2186,V3404,,,,,
2187,V3405,,,,,
2188,V3406,,,,,
2189,V3407,,,,,
2190,V3408,,,,,
2191,V3409,,,,,
2192,V3410,,,,,
2193,V3411,,,,,
2194,V3501,,,,,
2195,V3502,,,,,
2196,V3504,,,,,
2197,V3505,,,,,
2198,V3506,,,,,
2199,V3603,,,,,
2200,V3606,,,,,
2201,V3609,,,,,
2202,V36-12,,,,,
2203,V3616,,,,,
2204,V3617,,,,,
2205,VA01,,,,,
2206,VA03,,,,,
2207,VANC02MV,,,,,
2208,VANC04,,,,,
2209,VANC13MV,,,,,
2210,VANC14MV,,,,,
2211,VANC15MV,,,,,
2212,VANC16MV,,,,,
2213,VANC19MV,,,,,
2214,VANC20MV,,,,,
2215,VANC21MV,,,,,
2216,VANC22MV,,,,,
2217,VANC23MV,,,,,
2218,VANC24MV,,,,,
2219,VANC25MV,,,,,
2220,VANC26MV,,,,,
2221,VANC27MV,,,,,
2222,VANC28MV,,,,,
2223,VANC29MV,,,,,
2224,VANC30MV,,,,,
2225,Vekol,,,,,
2226,VEOLIA/SORME19/09/13,,,,,
2227,VLCN05MV,,,,,
2228,VLCN08MV,,,,,
2229,VM0004,,,,,
2230,VM0012,,,,,
2231,VM0014,,,,,
2232,VM0015,,,,,
2233,VM0016,,,,,
2234,VM0017,,,,,
2235,VM0018,,,,,
2236,VM0019,,,,,
2237,VM0020,,,,,
2238,VM0021,,,,,
2239,VM0022,,,,,
2240,VM0023,,,,,
2241,VM0024,,,,,
2242,VM0025,,,,,
2243,VM0026,,,,,
2244,VM0027,,,,,
2245,VM0028,,,,,
2246,VM0029,,,,,
2247,VM0030,,,,,
2248,VM0031,,,,,
2249,VM0032,,,,,
2250,VM0033,,,,,
2251,VM0034,,,,,
2252,VM0035,,,,,
2253,VM0036,,,,,
2254,VM02,,,,,
2255,VM03,,,,,
2256,VM04,,,,,
2257,VM05,,,,,
2258,VM07,,,,,
2259,VM08,,,,,
2260,VM09,,,,,
2261,VM10,,,,,
2262,VM12,,,,,
2263,VM14,,,,,
2264,VM15,,,,,
2265,VM16,,,,,
2266,VM17,,,,,
2267,VM18,,,,,
2268,VM19,,,,,
2269,VM20,,,,,
2270,VM21,,,,,
2271,VM22,,,,,
2272,VM23,,,,,
2273,VM24,,,,,
2274,VM25,,,,,
2275,VM26,,,,,
2276,VM27,,,,,
2277,VM28,,,,,
2278,VM29,,,,,
2279,VM30,,,,,
2280,VM31,,,,,
2281,VM32,,,,,
2282,VM33,,,,,
2283,VM34,,,,,
2284,VM35,,,,,
2285,VM36,,,,,
2286,VNTR02WT,,,,,
2287,VNTR03WT,,,,,
2288,Volcanofiles Chile Expedition 2012,,,,,
2289,W65101WT,,,,,
2290,WCC10,,,,,
2291,WCC11,,,,,
2292,WCC12,,,,,
2293,WCC13,,,,,
2294,WCC14,,,,,
2295,WCC6,,,,,
2296,WCC7,,,,,
2297,WCC8,,,,,
2298,WCC9,,,,,
2299,WEC8402A,,,,,
2300,WEC8803B,,,,,
2301,West Cliff Section,,,,,
2302,WEST03MV,,,,,
2303,WF2479,,,,,
2304,WF2983,,,,,
2305,WF3239,,,,,
2306,WF3463,,,,,
2307,WF4109,,,,,
2308,WF4133,,,,,
2309,WF4535,,,,,
2310,WF4537,,,,,
2311,Whetstone,,,,,
2312,WISSARD,,,,,
2313,WV0103,,,,,
2314,YALO-74,,,,,
2315,YE1,,,,,
2316,YE2,,,,,
2317,YK06 Leg 14,,,,,
2318,YK06-12,,,,,
2319,YK08-08,,,,,
2320,YK08-08 Leg 2,,,,,
2321,YK10-12,,,,,
2322,YK13-08,,,,,
2323,ZABR AG RETRO-OBSERVATOIRE PLAN EAU ALTITUDE,ZABR AG RETRO-OBSERVATOIRE PLAN EAU ALTITUDE (Action N&#x9d;2010-19)23/09/11,2010-09-23,2011-09-23,,
2324,ZABR23/01/13,,2013-01-23,,,
2325,ZTES03AR,,,,,
2326,ZTES04AR,,,,,
2327,ZTES07AR,,,,,
,,,,,,
,,,,,,
,,,,,,
,,,,,,
,,,,,,
,,,,,,
,,,,,,
,,,,,,
,,,,,,
,,,,,,
,,,,,,
,,,,,,
,,,,,,
,,,,,,
,,,,,,
,,,,,,
,,,,,,
